,StationID,Replicate,SampleDate,Latitude,Longitude,Species,Abundance,Salinity
1,B18-10175,1,9/26/2018,32.93255,-117.25811,Musculista senhousia,19,31.9
2,B18-10175,1,9/26/2018,32.93255,-117.25811,Tellina cadieni,1,31.9
3,B18-10175,1,9/26/2018,32.93255,-117.25811,Laevicardium substriatum,6,31.9
4,B18-10175,1,9/26/2018,32.93255,-117.25811,Mytilidae,2,31.9
5,B18-10175,1,9/26/2018,32.93255,-117.25811,Petricola sp,2,31.9
6,B18-10175,1,9/26/2018,32.93255,-117.25811,Acteocina carinata,6,31.9
7,B18-10175,1,9/26/2018,32.93255,-117.25811,Bulla gouldiana,17,31.9
8,B18-10175,1,9/26/2018,32.93255,-117.25811,Nassarius tiarula,3,31.9
9,B18-10175,1,9/26/2018,32.93255,-117.25811,Lineidae sp,1,31.9
10,B18-10175,1,9/26/2018,32.93255,-117.25811,Tubulanidae sp,1,31.9
11,B18-10182,1,9/19/2018,32.55694,-117.12755,Streblospio benedicti,2,33.5
12,B18-10182,1,9/19/2018,32.55694,-117.12755,Nephtys caecoides,2,33.5
13,B18-10182,1,9/19/2018,32.55694,-117.12755,Diopatra splendidissima,1,33.5
14,B18-10182,1,9/19/2018,32.55694,-117.12755,Spiophanes berkeleyorum,1,33.5
15,B18-10182,1,9/19/2018,32.55694,-117.12755,Notomastus tenuis,1,33.5
16,B18-10182,1,9/19/2018,32.55694,-117.12755,Grandidierella japonica,28,33.5
17,B18-10182,1,9/19/2018,32.55694,-117.12755,Oxyurostylis pacifica,6,33.5
18,B18-10182,1,9/19/2018,32.55694,-117.12755,Tagelus affinis,3,33.5
19,B18-10182,1,9/19/2018,32.55694,-117.12755,Musculista senhousia,41,33.5
20,B18-10182,1,9/19/2018,32.55694,-117.12755,Tellina cadieni,14,33.5
21,B18-10182,1,9/19/2018,32.55694,-117.12755,Laevicardium substriatum,56,33.5
22,B18-10182,1,9/19/2018,32.55694,-117.12755,Mytilidae,2,33.5
23,B18-10182,1,9/19/2018,32.55694,-117.12755,Cryptomya californica,2,33.5
24,B18-10182,1,9/19/2018,32.55694,-117.12755,Chione californiensis,1,33.5
25,B18-10182,1,9/19/2018,32.55694,-117.12755,Leukoma sp,1,33.5
26,B18-10182,1,9/19/2018,32.55694,-117.12755,Acteocina carinata,5,33.5
27,B18-10182,1,9/19/2018,32.55694,-117.12755,Bulla gouldiana,9,33.5
28,B18-10182,1,9/19/2018,32.55694,-117.12755,Nassarius tiarula,22,33.5
29,B18-10182,1,9/19/2018,32.55694,-117.12755,Lineidae sp,1,33.5
30,B18-10182,1,9/19/2018,32.55694,-117.12755,Tubulanus polymorphus,2,33.5
31,B18-10195,1,9/10/2018,32.80456,-117.22293,Oligochaeta,228,33
32,B18-10195,1,9/10/2018,32.80456,-117.22293,Capitella capitata Cmplx,99,33
33,B18-10195,1,9/10/2018,32.80456,-117.22293,Exogone sp A,118,33
34,B18-10195,1,9/10/2018,32.80456,-117.22293,Polydora nuchalis,14,33
35,B18-10195,1,9/10/2018,32.80456,-117.22293,Grandidierella japonica,3,33
36,B18-10195,1,9/10/2018,32.80456,-117.22293,Monocorophium sp,8,33
37,B18-10195,1,9/10/2018,32.80456,-117.22293,Monocorophium insidiosum,13,33
38,B18-10195,1,9/10/2018,32.80456,-117.22293,Acteocina carinata,17,33
39,B18-10195,1,9/10/2018,32.80456,-117.22293,Cerithidea californica,149,33
40,B18-10174,1,8/10/2018,32.97306,-117.24947,Oligochaeta,7,34.1
41,B18-10174,1,8/10/2018,32.97306,-117.24947,Pseudopolydora paucibranchiata,5,34.1
42,B18-10174,1,8/10/2018,32.97306,-117.24947,Streblospio benedicti,80,34.1
43,B18-10174,1,8/10/2018,32.97306,-117.24947,Piromis capulata,1,34.1
44,B18-10174,1,8/10/2018,32.97306,-117.24947,Neanthes acuminata Cmplx,2,34.1
45,B18-10174,1,8/10/2018,32.97306,-117.24947,Mediomastus sp,1,34.1
46,B18-10174,1,8/10/2018,32.97306,-117.24947,Leitoscoloplos pugettensis,1,34.1
47,B18-10174,1,8/10/2018,32.97306,-117.24947,Exogone sp A,1,34.1
48,B18-10174,1,8/10/2018,32.97306,-117.24947,Boccardiella hamata,2,34.1
49,B18-10174,1,8/10/2018,32.97306,-117.24947,Marphysa sp,1,34.1
50,B18-10174,1,8/10/2018,32.97306,-117.24947,Exogone sp,1,34.1
51,B18-10174,1,8/10/2018,32.97306,-117.24947,Rhynchospio arenincola,1,34.1
52,B18-10174,1,8/10/2018,32.97306,-117.24947,Cirriformia sp,1,34.1
53,B18-10174,1,8/10/2018,32.97306,-117.24947,Protohyale canalina,2,34.1
54,B18-10174,1,8/10/2018,32.97306,-117.24947,Bemlos macromanus,1,34.1
55,B18-10174,1,8/10/2018,32.97306,-117.24947,Mayerella acanthopoda,7,34.1
56,B18-10174,1,8/10/2018,32.97306,-117.24947,Chondrochelia dubia Cmplx,11,34.1
57,B18-10174,1,8/10/2018,32.97306,-117.24947,Podocerus fulanus,5,34.1
58,B18-10174,1,8/10/2018,32.97306,-117.24947,Paracerceis sculpta,1,34.1
59,B18-10174,1,8/10/2018,32.97306,-117.24947,Grandidierella japonica,7,34.1
60,B18-10174,1,8/10/2018,32.97306,-117.24947,Zeuxo normani Cmplx,5,34.1
61,B18-10174,1,8/10/2018,32.97306,-117.24947,Ampithoe sp,2,34.1
62,B18-10174,1,8/10/2018,32.97306,-117.24947,Monocorophium sp,2,34.1
63,B18-10174,1,8/10/2018,32.97306,-117.24947,Oxyurostylis pacifica,2,34.1
64,B18-10174,1,8/10/2018,32.97306,-117.24947,Ericthonius brasiliensis,7,34.1
65,B18-10174,1,8/10/2018,32.97306,-117.24947,Actiniaria,6,34.1
66,B18-10174,1,8/10/2018,32.97306,-117.24947,Tagelus affinis,40,34.1
67,B18-10174,1,8/10/2018,32.97306,-117.24947,Musculista senhousia,9,34.1
68,B18-10174,1,8/10/2018,32.97306,-117.24947,Tellina cadieni,35,34.1
69,B18-10174,1,8/10/2018,32.97306,-117.24947,Laevicardium substriatum,21,34.1
70,B18-10174,1,8/10/2018,32.97306,-117.24947,Mytilidae,1,34.1
71,B18-10174,1,8/10/2018,32.97306,-117.24947,Chione californiensis,1,34.1
72,B18-10174,1,8/10/2018,32.97306,-117.24947,Asthenothaerus diegensis,3,34.1
73,B18-10174,1,8/10/2018,32.97306,-117.24947,Acteocina carinata,89,34.1
74,B18-10174,1,8/10/2018,32.97306,-117.24947,Barleeia haliotiphila,37,34.1
75,B18-10174,1,8/10/2018,32.97306,-117.24947,Bulla gouldiana,12,34.1
76,B18-10174,1,8/10/2018,32.97306,-117.24947,Phoronis sp,104,34.1
77,B18-10174,1,8/10/2018,32.97306,-117.24947,Phoronidae,73,34.1
78,B18-10194,1,8/10/2018,32.97614,-117.24785,Oligochaeta,3,34.4
79,B18-10194,1,8/10/2018,32.97614,-117.24785,Capitella capitata Cmplx,9,34.4
80,B18-10194,1,8/10/2018,32.97614,-117.24785,Streblospio benedicti,47,34.4
81,B18-10194,1,8/10/2018,32.97614,-117.24785,Neanthes acuminata Cmplx,1,34.4
82,B18-10194,1,8/10/2018,32.97614,-117.24785,Scolelepis (Parascolelepis) texana,1,34.4
83,B18-10194,1,8/10/2018,32.97614,-117.24785,Scoletoma sp,1,34.4
84,B18-10194,1,8/10/2018,32.97614,-117.24785,Gammaridea sp,3,34.4
85,B18-10194,1,8/10/2018,32.97614,-117.24785,Podocerus fulanus,2,34.4
86,B18-10194,1,8/10/2018,32.97614,-117.24785,Paracerceis sculpta,9,34.4
87,B18-10194,1,8/10/2018,32.97614,-117.24785,Grandidierella japonica,55,34.4
88,B18-10194,1,8/10/2018,32.97614,-117.24785,Monocorophium acherusicum,4,34.4
89,B18-10194,1,8/10/2018,32.97614,-117.24785,Zeuxo normani Cmplx,1,34.4
90,B18-10194,1,8/10/2018,32.97614,-117.24785,Tethygeneia opata,4,34.4
91,B18-10194,1,8/10/2018,32.97614,-117.24785,Ampithoe longimana,8,34.4
92,B18-10194,1,8/10/2018,32.97614,-117.24785,Alpheus californiensis,2,34.4
93,B18-10194,1,8/10/2018,32.97614,-117.24785,Ampithoe valida,1,34.4
94,B18-10194,1,8/10/2018,32.97614,-117.24785,Caprellidae,1,34.4
95,B18-10194,1,8/10/2018,32.97614,-117.24785,Penaeoidea,1,34.4
96,B18-10194,1,8/10/2018,32.97614,-117.24785,Actiniaria,2,34.4
97,B18-10194,1,8/10/2018,32.97614,-117.24785,Tagelus affinis,56,34.4
98,B18-10194,1,8/10/2018,32.97614,-117.24785,Musculista senhousia,106,34.4
99,B18-10194,1,8/10/2018,32.97614,-117.24785,Tellina cadieni,65,34.4
100,B18-10194,1,8/10/2018,32.97614,-117.24785,Laevicardium substriatum,11,34.4
101,B18-10194,1,8/10/2018,32.97614,-117.24785,Macoma yoldiformis,1,34.4
102,B18-10194,1,8/10/2018,32.97614,-117.24785,Leukoma laciniata,1,34.4
103,B18-10194,1,8/10/2018,32.97614,-117.24785,Acteocina carinata,130,34.4
104,B18-10194,1,8/10/2018,32.97614,-117.24785,NEMATODA,1,34.4
105,B18-10194,1,8/10/2018,32.97614,-117.24785,NEMERTEA,2,34.4
106,B18-10194,1,8/10/2018,32.97614,-117.24785,Phoronis sp,176,34.4
107,B18-10194,1,8/10/2018,32.97614,-117.24785,Phoronidae,138,34.4
108,B18-10194,1,8/10/2018,32.97614,-117.24785,Notoplanidae,1,34.4
109,B18-10201,1,9/26/2018,32.59896,-117.11546,Oligochaeta,66,38
110,B18-10201,1,9/26/2018,32.59896,-117.11546,Pseudopolydora paucibranchiata,7,38
111,B18-10201,1,9/26/2018,32.59896,-117.11546,Capitella capitata Cmplx,6,38
112,B18-10201,1,9/26/2018,32.59896,-117.11546,Streblospio benedicti,2,38
113,B18-10201,1,9/26/2018,32.59896,-117.11546,Armandia brevis,32,38
114,B18-10201,1,9/26/2018,32.59896,-117.11546,Acromegalomma pigmentum,44,38
115,B18-10201,1,9/26/2018,32.59896,-117.11546,Piromis capulata,9,38
116,B18-10201,1,9/26/2018,32.59896,-117.11546,Fabricinuda limnicola,154,38
117,B18-10201,1,9/26/2018,32.59896,-117.11546,Neanthes acuminata Cmplx,24,38
118,B18-10201,1,9/26/2018,32.59896,-117.11546,Prionospio heterobranchia,1,38
119,B18-10201,1,9/26/2018,32.59896,-117.11546,Scoloplos acmeceps,1,38
120,B18-10201,1,9/26/2018,32.59896,-117.11546,Leitoscoloplos pugettensis,12,38
121,B18-10201,1,9/26/2018,32.59896,-117.11546,Exogone sp A,18,38
122,B18-10201,1,9/26/2018,32.59896,-117.11546,Scoletoma sp C,2,38
123,B18-10201,1,9/26/2018,32.59896,-117.11546,Scolelepis (Parascolelepis) texana,1,38
124,B18-10201,1,9/26/2018,32.59896,-117.11546,Salvatoria californiensis,1,38
125,B18-10201,1,9/26/2018,32.59896,-117.11546,Protohyale canalina,5,38
126,B18-10201,1,9/26/2018,32.59896,-117.11546,Siriella pacifica,1,38
127,B18-10201,1,9/26/2018,32.59896,-117.11546,Bemlos macromanus,15,38
128,B18-10201,1,9/26/2018,32.59896,-117.11546,Elasmopus bampo,12,38
129,B18-10201,1,9/26/2018,32.59896,-117.11546,Mayerella acanthopoda,1,38
130,B18-10201,1,9/26/2018,32.59896,-117.11546,Chondrochelia dubia Cmplx,16,38
131,B18-10201,1,9/26/2018,32.59896,-117.11546,Podocerus fulanus,15,38
132,B18-10201,1,9/26/2018,32.59896,-117.11546,Paracerceis sculpta,125,38
133,B18-10201,1,9/26/2018,32.59896,-117.11546,Leucothoe alata,11,38
134,B18-10201,1,9/26/2018,32.59896,-117.11546,Hippolyte californiensis,1,38
135,B18-10201,1,9/26/2018,32.59896,-117.11546,Gonopanope nitida,1,38
136,B18-10201,1,9/26/2018,32.59896,-117.11546,Uromunna ubiquita,1,38
137,B18-10201,1,9/26/2018,32.59896,-117.11546,Rudilemboides stenopropodus,1,38
138,B18-10201,1,9/26/2018,32.59896,-117.11546,Actiniaria,29,38
139,B18-10201,1,9/26/2018,32.59896,-117.11546,Edwardsia sp,1,38
140,B18-10201,1,9/26/2018,32.59896,-117.11546,Leptosynapta,1,38
141,B18-10201,1,9/26/2018,32.59896,-117.11546,Tagelus affinis,11,38
142,B18-10201,1,9/26/2018,32.59896,-117.11546,Tellina meropsis,15,38
143,B18-10201,1,9/26/2018,32.59896,-117.11546,Musculista senhousia,62,38
144,B18-10201,1,9/26/2018,32.59896,-117.11546,Lyonsia californica,1,38
145,B18-10201,1,9/26/2018,32.59896,-117.11546,Acteocina carinata,26,38
146,B18-10201,1,9/26/2018,32.59896,-117.11546,Barleeia haliotiphila,14,38
147,B18-10201,1,9/26/2018,32.59896,-117.11546,Astyris aurantiaca,13,38
148,B18-10201,1,9/26/2018,32.59896,-117.11546,Tryonia imitator,2,38
149,B18-10201,1,9/26/2018,32.59896,-117.11546,NEMATODA,62,38
150,B18-10201,1,9/26/2018,32.59896,-117.11546,Phoronis sp,5,38
151,B18-10201,1,9/26/2018,32.59896,-117.11546,Phoronidae,8,38
152,B18-10201,2,9/26/2018,32.59896,-117.11546,Oligochaeta,88,38
153,B18-10201,2,9/26/2018,32.59896,-117.11546,Pseudopolydora paucibranchiata,9,38
154,B18-10201,2,9/26/2018,32.59896,-117.11546,Capitella capitata Cmplx,9,38
155,B18-10201,2,9/26/2018,32.59896,-117.11546,Streblospio benedicti,8,38
156,B18-10201,2,9/26/2018,32.59896,-117.11546,Armandia brevis,76,38
157,B18-10201,2,9/26/2018,32.59896,-117.11546,Acromegalomma pigmentum,68,38
158,B18-10201,2,9/26/2018,32.59896,-117.11546,Piromis capulata,62,38
159,B18-10201,2,9/26/2018,32.59896,-117.11546,Fabricinuda limnicola,50,38
160,B18-10201,2,9/26/2018,32.59896,-117.11546,Neanthes acuminata Cmplx,44,38
161,B18-10201,2,9/26/2018,32.59896,-117.11546,Prionospio heterobranchia,3,38
162,B18-10201,2,9/26/2018,32.59896,-117.11546,Scoloplos acmeceps,3,38
163,B18-10201,2,9/26/2018,32.59896,-117.11546,Mediomastus sp,3,38
164,B18-10201,2,9/26/2018,32.59896,-117.11546,Leitoscoloplos pugettensis,29,38
165,B18-10201,2,9/26/2018,32.59896,-117.11546,Exogone sp A,27,38
166,B18-10201,2,9/26/2018,32.59896,-117.11546,Eteone dilatae,1,38
167,B18-10201,2,9/26/2018,32.59896,-117.11546,Protohyale canalina,75,38
168,B18-10201,2,9/26/2018,32.59896,-117.11546,Hourstonius vilordes,7,38
169,B18-10201,2,9/26/2018,32.59896,-117.11546,Siriella pacifica,6,38
170,B18-10201,2,9/26/2018,32.59896,-117.11546,Gammaridea sp,5,38
171,B18-10201,2,9/26/2018,32.59896,-117.11546,Bemlos macromanus,43,38
172,B18-10201,2,9/26/2018,32.59896,-117.11546,Elasmopus bampo,40,38
173,B18-10201,2,9/26/2018,32.59896,-117.11546,Mayerella acanthopoda,3,38
174,B18-10201,2,9/26/2018,32.59896,-117.11546,Paranthura japonica,3,38
175,B18-10201,2,9/26/2018,32.59896,-117.11546,Chondrochelia dubia Cmplx,28,38
176,B18-10201,2,9/26/2018,32.59896,-117.11546,Podocerus fulanus,28,38
177,B18-10201,2,9/26/2018,32.59896,-117.11546,Paracerceis sculpta,178,38
178,B18-10201,2,9/26/2018,32.59896,-117.11546,Leucothoe alata,1,38
179,B18-10201,2,9/26/2018,32.59896,-117.11546,Hippolyte californiensis,1,38
180,B18-10201,2,9/26/2018,32.59896,-117.11546,Gonopanope nitida,1,38
181,B18-10201,2,9/26/2018,32.59896,-117.11546,Grandidierella japonica,1,38
182,B18-10201,2,9/26/2018,32.59896,-117.11546,Monocorophium acherusicum,1,38
183,B18-10201,2,9/26/2018,32.59896,-117.11546,Zeuxo normani Cmplx,1,38
184,B18-10201,2,9/26/2018,32.59896,-117.11546,Ampithoe sp,1,38
185,B18-10201,2,9/26/2018,32.59896,-117.11546,Paradexamine sp SD1,1,38
186,B18-10201,2,9/26/2018,32.59896,-117.11546,Acanthomysis californica,1,38
187,B18-10201,2,9/26/2018,32.59896,-117.11546,Actiniaria,202,38
188,B18-10201,2,9/26/2018,32.59896,-117.11546,Leptosynapta,1,38
189,B18-10201,2,9/26/2018,32.59896,-117.11546,Amphipholis squamata,2,38
190,B18-10201,2,9/26/2018,32.59896,-117.11546,Tagelus affinis,5,38
191,B18-10201,2,9/26/2018,32.59896,-117.11546,Tellina meropsis,42,38
192,B18-10201,2,9/26/2018,32.59896,-117.11546,Musculista senhousia,178,38
193,B18-10201,2,9/26/2018,32.59896,-117.11546,Lyonsia californica,1,38
194,B18-10201,2,9/26/2018,32.59896,-117.11546,Semele sp,1,38
195,B18-10201,2,9/26/2018,32.59896,-117.11546,Theora lubrica,1,38
196,B18-10201,2,9/26/2018,32.59896,-117.11546,Acteocina carinata,34,38
197,B18-10201,2,9/26/2018,32.59896,-117.11546,Barleeia haliotiphila,2,38
198,B18-10201,2,9/26/2018,32.59896,-117.11546,Astyris aurantiaca,10,38
199,B18-10201,2,9/26/2018,32.59896,-117.11546,Tryonia imitator,1,38
200,B18-10201,2,9/26/2018,32.59896,-117.11546,NEMATODA,25,38
201,B18-10201,2,9/26/2018,32.59896,-117.11546,Lineidae sp,2,38
202,B18-10201,2,9/26/2018,32.59896,-117.11546,Phoronis sp,22,38
203,B18-10201,2,9/26/2018,32.59896,-117.11546,Phoronidae,14,38
204,B18-10201,2,9/26/2018,32.59896,-117.11546,Phaenoplana longipenis,5,38
205,B18-10201,2,9/26/2018,32.59896,-117.11546,Rhabdocoela sp,1,38
206,B18-10201,1,9/26/2018,32.59899,-117.11547,Oligochaeta,66,38
207,B18-10201,1,9/26/2018,32.59899,-117.11547,Pseudopolydora paucibranchiata,7,38
208,B18-10201,1,9/26/2018,32.59899,-117.11547,Capitella capitata Cmplx,6,38
209,B18-10201,1,9/26/2018,32.59899,-117.11547,Streblospio benedicti,2,38
210,B18-10201,1,9/26/2018,32.59899,-117.11547,Armandia brevis,32,38
211,B18-10201,1,9/26/2018,32.59899,-117.11547,Acromegalomma pigmentum,44,38
212,B18-10201,1,9/26/2018,32.59899,-117.11547,Piromis capulata,9,38
213,B18-10201,1,9/26/2018,32.59899,-117.11547,Fabricinuda limnicola,154,38
214,B18-10201,1,9/26/2018,32.59899,-117.11547,Neanthes acuminata Cmplx,24,38
215,B18-10201,1,9/26/2018,32.59899,-117.11547,Prionospio heterobranchia,1,38
216,B18-10201,1,9/26/2018,32.59899,-117.11547,Scoloplos acmeceps,1,38
217,B18-10201,1,9/26/2018,32.59899,-117.11547,Leitoscoloplos pugettensis,12,38
218,B18-10201,1,9/26/2018,32.59899,-117.11547,Exogone sp A,18,38
219,B18-10201,1,9/26/2018,32.59899,-117.11547,Scoletoma sp C,2,38
220,B18-10201,1,9/26/2018,32.59899,-117.11547,Scolelepis (Parascolelepis) texana,1,38
221,B18-10201,1,9/26/2018,32.59899,-117.11547,Salvatoria californiensis,1,38
222,B18-10201,1,9/26/2018,32.59899,-117.11547,Protohyale canalina,5,38
223,B18-10201,1,9/26/2018,32.59899,-117.11547,Siriella pacifica,1,38
224,B18-10201,1,9/26/2018,32.59899,-117.11547,Bemlos macromanus,15,38
225,B18-10201,1,9/26/2018,32.59899,-117.11547,Elasmopus bampo,12,38
226,B18-10201,1,9/26/2018,32.59899,-117.11547,Mayerella acanthopoda,1,38
227,B18-10201,1,9/26/2018,32.59899,-117.11547,Chondrochelia dubia Cmplx,16,38
228,B18-10201,1,9/26/2018,32.59899,-117.11547,Podocerus fulanus,15,38
229,B18-10201,1,9/26/2018,32.59899,-117.11547,Paracerceis sculpta,125,38
230,B18-10201,1,9/26/2018,32.59899,-117.11547,Leucothoe alata,11,38
231,B18-10201,1,9/26/2018,32.59899,-117.11547,Hippolyte californiensis,1,38
232,B18-10201,1,9/26/2018,32.59899,-117.11547,Gonopanope nitida,1,38
233,B18-10201,1,9/26/2018,32.59899,-117.11547,Uromunna ubiquita,1,38
234,B18-10201,1,9/26/2018,32.59899,-117.11547,Rudilemboides stenopropodus,1,38
235,B18-10201,1,9/26/2018,32.59899,-117.11547,Actiniaria,29,38
236,B18-10201,1,9/26/2018,32.59899,-117.11547,Edwardsia sp,1,38
237,B18-10201,1,9/26/2018,32.59899,-117.11547,Leptosynapta,1,38
238,B18-10201,1,9/26/2018,32.59899,-117.11547,Tagelus affinis,11,38
239,B18-10201,1,9/26/2018,32.59899,-117.11547,Tellina meropsis,15,38
240,B18-10201,1,9/26/2018,32.59899,-117.11547,Musculista senhousia,62,38
241,B18-10201,1,9/26/2018,32.59899,-117.11547,Lyonsia californica,1,38
242,B18-10201,1,9/26/2018,32.59899,-117.11547,Acteocina carinata,26,38
243,B18-10201,1,9/26/2018,32.59899,-117.11547,Barleeia haliotiphila,14,38
244,B18-10201,1,9/26/2018,32.59899,-117.11547,Astyris aurantiaca,13,38
245,B18-10201,1,9/26/2018,32.59899,-117.11547,Tryonia imitator,2,38
246,B18-10201,1,9/26/2018,32.59899,-117.11547,NEMATODA,62,38
247,B18-10201,1,9/26/2018,32.59899,-117.11547,Phoronis sp,5,38
248,B18-10201,1,9/26/2018,32.59899,-117.11547,Phoronidae,8,38
249,B18-10201,2,9/26/2018,32.59899,-117.11547,Oligochaeta,88,38
250,B18-10201,2,9/26/2018,32.59899,-117.11547,Pseudopolydora paucibranchiata,9,38
251,B18-10201,2,9/26/2018,32.59899,-117.11547,Capitella capitata Cmplx,9,38
252,B18-10201,2,9/26/2018,32.59899,-117.11547,Streblospio benedicti,8,38
253,B18-10201,2,9/26/2018,32.59899,-117.11547,Armandia brevis,76,38
254,B18-10201,2,9/26/2018,32.59899,-117.11547,Acromegalomma pigmentum,68,38
255,B18-10201,2,9/26/2018,32.59899,-117.11547,Piromis capulata,62,38
256,B18-10201,2,9/26/2018,32.59899,-117.11547,Fabricinuda limnicola,50,38
257,B18-10201,2,9/26/2018,32.59899,-117.11547,Neanthes acuminata Cmplx,44,38
258,B18-10201,2,9/26/2018,32.59899,-117.11547,Prionospio heterobranchia,3,38
259,B18-10201,2,9/26/2018,32.59899,-117.11547,Scoloplos acmeceps,3,38
260,B18-10201,2,9/26/2018,32.59899,-117.11547,Mediomastus sp,3,38
261,B18-10201,2,9/26/2018,32.59899,-117.11547,Leitoscoloplos pugettensis,29,38
262,B18-10201,2,9/26/2018,32.59899,-117.11547,Exogone sp A,27,38
263,B18-10201,2,9/26/2018,32.59899,-117.11547,Eteone dilatae,1,38
264,B18-10201,2,9/26/2018,32.59899,-117.11547,Protohyale canalina,75,38
265,B18-10201,2,9/26/2018,32.59899,-117.11547,Hourstonius vilordes,7,38
266,B18-10201,2,9/26/2018,32.59899,-117.11547,Siriella pacifica,6,38
267,B18-10201,2,9/26/2018,32.59899,-117.11547,Gammaridea sp,5,38
268,B18-10201,2,9/26/2018,32.59899,-117.11547,Bemlos macromanus,43,38
269,B18-10201,2,9/26/2018,32.59899,-117.11547,Elasmopus bampo,40,38
270,B18-10201,2,9/26/2018,32.59899,-117.11547,Mayerella acanthopoda,3,38
271,B18-10201,2,9/26/2018,32.59899,-117.11547,Paranthura japonica,3,38
272,B18-10201,2,9/26/2018,32.59899,-117.11547,Chondrochelia dubia Cmplx,28,38
273,B18-10201,2,9/26/2018,32.59899,-117.11547,Podocerus fulanus,28,38
274,B18-10201,2,9/26/2018,32.59899,-117.11547,Paracerceis sculpta,178,38
275,B18-10201,2,9/26/2018,32.59899,-117.11547,Leucothoe alata,1,38
276,B18-10201,2,9/26/2018,32.59899,-117.11547,Hippolyte californiensis,1,38
277,B18-10201,2,9/26/2018,32.59899,-117.11547,Gonopanope nitida,1,38
278,B18-10201,2,9/26/2018,32.59899,-117.11547,Grandidierella japonica,1,38
279,B18-10201,2,9/26/2018,32.59899,-117.11547,Monocorophium acherusicum,1,38
280,B18-10201,2,9/26/2018,32.59899,-117.11547,Zeuxo normani Cmplx,1,38
281,B18-10201,2,9/26/2018,32.59899,-117.11547,Ampithoe sp,1,38
282,B18-10201,2,9/26/2018,32.59899,-117.11547,Paradexamine sp SD1,1,38
283,B18-10201,2,9/26/2018,32.59899,-117.11547,Acanthomysis californica,1,38
284,B18-10201,2,9/26/2018,32.59899,-117.11547,Actiniaria,202,38
285,B18-10201,2,9/26/2018,32.59899,-117.11547,Leptosynapta,1,38
286,B18-10201,2,9/26/2018,32.59899,-117.11547,Amphipholis squamata,2,38
287,B18-10201,2,9/26/2018,32.59899,-117.11547,Tagelus affinis,5,38
288,B18-10201,2,9/26/2018,32.59899,-117.11547,Tellina meropsis,42,38
289,B18-10201,2,9/26/2018,32.59899,-117.11547,Musculista senhousia,178,38
290,B18-10201,2,9/26/2018,32.59899,-117.11547,Lyonsia californica,1,38
291,B18-10201,2,9/26/2018,32.59899,-117.11547,Semele sp,1,38
292,B18-10201,2,9/26/2018,32.59899,-117.11547,Theora lubrica,1,38
293,B18-10201,2,9/26/2018,32.59899,-117.11547,Acteocina carinata,34,38
294,B18-10201,2,9/26/2018,32.59899,-117.11547,Barleeia haliotiphila,2,38
295,B18-10201,2,9/26/2018,32.59899,-117.11547,Astyris aurantiaca,10,38
296,B18-10201,2,9/26/2018,32.59899,-117.11547,Tryonia imitator,1,38
297,B18-10201,2,9/26/2018,32.59899,-117.11547,NEMATODA,25,38
298,B18-10201,2,9/26/2018,32.59899,-117.11547,Lineidae sp,2,38
299,B18-10201,2,9/26/2018,32.59899,-117.11547,Phoronis sp,22,38
300,B18-10201,2,9/26/2018,32.59899,-117.11547,Phoronidae,14,38
301,B18-10201,2,9/26/2018,32.59899,-117.11547,Phaenoplana longipenis,5,38
302,B18-10201,2,9/26/2018,32.59899,-117.11547,Rhabdocoela sp,1,38
303,B18-10824,1,9/26/2018,32.58854,-117.10763,Eteone dilatae,1,39.4
304,B18-10824,1,9/26/2018,32.58854,-117.10763,Oligochaeta,124,39.4
305,B18-10824,1,9/26/2018,32.58854,-117.10763,Capitella capitata Cmplx,21,39.4
306,B18-10824,1,9/26/2018,32.58854,-117.10763,Streblospio benedicti,52,39.4
307,B18-10824,1,9/26/2018,32.58854,-117.10763,Acromegalomma pigmentum,1,39.4
308,B18-10824,1,9/26/2018,32.58854,-117.10763,Neanthes acuminata Cmplx,7,39.4
309,B18-10824,1,9/26/2018,32.58854,-117.10763,Exogone sp A,36,39.4
310,B18-10824,1,9/26/2018,32.58854,-117.10763,Marphysa sp,15,39.4
311,B18-10824,1,9/26/2018,32.58854,-117.10763,Salvatoria heterocirra,1,39.4
312,B18-10824,1,9/26/2018,32.58854,-117.10763,Chondrochelia dubia Cmplx,48,39.4
313,B18-10824,1,9/26/2018,32.58854,-117.10763,Grandidierella japonica,4,39.4
314,B18-10824,1,9/26/2018,32.58854,-117.10763,Monocorophium acherusicum,12,39.4
315,B18-10824,1,9/26/2018,32.58854,-117.10763,Monocorophium uenoi,3,39.4
316,B18-10824,1,9/26/2018,32.58854,-117.10763,Oxyurostylis pacifica,2,39.4
317,B18-10824,1,9/26/2018,32.58854,-117.10763,Tagelus affinis,3,39.4
318,B18-10824,1,9/26/2018,32.58854,-117.10763,Tellina meropsis,7,39.4
319,B18-10824,1,9/26/2018,32.58854,-117.10763,Musculista senhousia,6,39.4
320,B18-10824,1,9/26/2018,32.58854,-117.10763,Lyonsia californica,1,39.4
321,B18-10824,1,9/26/2018,32.58854,-117.10763,Acteocina carinata,68,39.4
322,B18-10824,1,9/26/2018,32.58854,-117.10763,NEMATODA,9,39.4
323,B18-10173,1,9/12/2018,33.08952,-117.28498,Actiniaria,26,34.4
324,B18-10173,1,9/12/2018,33.08952,-117.28498,Musculista senhousia,9,34.4
325,B18-10173,1,9/12/2018,33.08952,-117.28498,Tellina cadieni,3,34.4
326,B18-10173,1,9/12/2018,33.08952,-117.28498,Oligochaeta,12,34.4
327,B18-10173,1,9/12/2018,33.08952,-117.28498,Barleeia subtenuis,103,34.4
328,B18-10173,1,9/12/2018,33.08952,-117.28498,Acteocina inculta,5,34.4
329,B18-10173,1,9/12/2018,33.08952,-117.28498,Mytilus galloprovincialis,1,34.4
330,B18-10173,1,9/12/2018,33.08952,-117.28498,Astyris permodesta,32,34.4
331,B18-10173,1,9/12/2018,33.08952,-117.28498,Nassarius tiarula,2,34.4
332,B18-10173,1,9/12/2018,33.08952,-117.28498,Grandidierella japonica,26,34.4
333,B18-10173,1,9/12/2018,33.08952,-117.28498,Monocorophium acherusicum,5,34.4
334,B18-10173,1,9/12/2018,33.08952,-117.28498,Protohyale frequens,10,34.4
335,B18-10173,1,9/12/2018,33.08952,-117.28498,Leucothoe alata,3,34.4
336,B18-10173,1,9/12/2018,33.08952,-117.28498,Podocerus cristatus,1,34.4
337,B18-10173,1,9/12/2018,33.08952,-117.28498,Farfantepenaeus californiensis,4,34.4
338,B18-10173,1,9/12/2018,33.08952,-117.28498,Paracerceis sp A,70,34.4
339,B18-10173,1,9/12/2018,33.08952,-117.28498,Chondrochelia dubia Cmplx,8,34.4
340,B18-10173,1,9/12/2018,33.08952,-117.28498,Zeuxo normani Cmplx,7,34.4
341,B18-10173,1,9/12/2018,33.08952,-117.28498,Neanthes acuminata Cmplx,18,34.4
342,B18-10173,1,9/12/2018,33.08952,-117.28498,Exogone lourei,19,34.4
343,B18-10173,1,9/12/2018,33.08952,-117.28498,Lamispina schmidtii,1,34.4
344,B18-10173,1,9/12/2018,33.08952,-117.28498,Streblospio benedicti,1,34.4
345,B18-10173,1,9/12/2018,33.08952,-117.28498,Pista brevibranchiata,4,34.4
346,B18-10171,1,9/12/2018,33.08992,-117.27848,Phoronis sp,11,34.3
347,B18-10171,1,9/12/2018,33.08992,-117.27848,Actiniaria,1,34.3
348,B18-10171,1,9/12/2018,33.08992,-117.27848,Tagelus affinis,13,34.3
349,B18-10171,1,9/12/2018,33.08992,-117.27848,Oligochaeta,416,34.3
350,B18-10171,1,9/12/2018,33.08992,-117.27848,Barleeia subtenuis,1,34.3
351,B18-10171,1,9/12/2018,33.08992,-117.27848,Nassarius tiarula,1,34.3
352,B18-10171,1,9/12/2018,33.08992,-117.27848,Paracerceis sp A,1,34.3
353,B18-10171,1,9/12/2018,33.08992,-117.27848,Harpacticoida,2,34.3
354,B18-10171,1,9/12/2018,33.08992,-117.27848,Capitella capitata Cmplx,2,34.3
355,B18-10171,1,9/12/2018,33.08992,-117.27848,Neanthes acuminata Cmplx,17,34.3
356,B18-10171,1,9/12/2018,33.08992,-117.27848,Streblospio benedicti,44,34.3
357,B18-10172,1,9/12/2018,33.0896,-117.29459,Musculista senhousia,27,34.4
358,B18-10172,1,9/12/2018,33.0896,-117.29459,Argopecten ventricosus,1,34.4
359,B18-10172,1,9/12/2018,33.0896,-117.29459,Laevicardium substriatum,10,34.4
360,B18-10172,1,9/12/2018,33.0896,-117.29459,Mactrotoma californica,4,34.4
361,B18-10172,1,9/12/2018,33.0896,-117.29459,Tagelus subteres,5,34.4
362,B18-10172,1,9/12/2018,33.0896,-117.29459,Veneridae,1,34.4
363,B18-10172,1,9/12/2018,33.0896,-117.29459,Chione sp,1,34.4
364,B18-10172,1,9/12/2018,33.0896,-117.29459,Barleeia subtenuis,40,34.4
365,B18-10172,1,9/12/2018,33.0896,-117.29459,Acteocina harpa,1,34.4
366,B18-10172,1,9/12/2018,33.0896,-117.29459,Acteocina inculta,10,34.4
367,B18-10172,1,9/12/2018,33.0896,-117.29459,Pyramidellidae,2,34.4
368,B18-10172,1,9/12/2018,33.0896,-117.29459,Astyris permodesta,3,34.4
369,B18-10172,1,9/12/2018,33.0896,-117.29459,Nassarius tiarula,1,34.4
370,B18-10172,1,9/12/2018,33.0896,-117.29459,Caecum californicum,1,34.4
371,B18-10172,1,9/12/2018,33.0896,-117.29459,Calyptraeidae,1,34.4
372,B18-10172,1,9/12/2018,33.0896,-117.29459,Cerithidea californica,1,34.4
373,B18-10172,1,9/12/2018,33.0896,-117.29459,Grandidierella japonica,9,34.4
374,B18-10172,1,9/12/2018,33.0896,-117.29459,Podocerus cristatus,1,34.4
375,B18-10172,1,9/12/2018,33.0896,-117.29459,Oxyurostylis pacifica,4,34.4
376,B18-10172,1,9/12/2018,33.0896,-117.29459,Paracerceis sp A,1,34.4
377,B18-10172,1,9/12/2018,33.0896,-117.29459,Zeuxo normani Cmplx,38,34.4
378,B18-10172,1,9/12/2018,33.0896,-117.29459,Armandia brevis,1,34.4
379,B18-10172,1,9/12/2018,33.0896,-117.29459,Exogone lourei,1,34.4
380,B18-10172,1,9/12/2018,33.0896,-117.29459,Sabellinae,1,34.4
381,B18-10172,1,9/12/2018,33.0896,-117.29459,Pseudopolydora paucibranchiata,1,34.4
382,B18-10170,1,9/11/2018,33.13903,-117.33747,Phoronis sp,1,33.9
383,B18-10170,1,9/11/2018,33.13903,-117.33747,Asthenothaerus diegensis,1,33.9
384,B18-10170,1,9/11/2018,33.13903,-117.33747,Musculista senhousia,18,33.9
385,B18-10170,1,9/11/2018,33.13903,-117.33747,Laevicardium substriatum,23,33.9
386,B18-10170,1,9/11/2018,33.13903,-117.33747,Tagelus subteres,2,33.9
387,B18-10170,1,9/11/2018,33.13903,-117.33747,Tellina cadieni,11,33.9
388,B18-10170,1,9/11/2018,33.13903,-117.33747,Oligochaeta,1,33.9
389,B18-10170,1,9/11/2018,33.13903,-117.33747,Bulla gouldiana,1,33.9
390,B18-10170,1,9/11/2018,33.13903,-117.33747,Acteocina inculta,15,33.9
391,B18-10170,1,9/11/2018,33.13903,-117.33747,Pyramidellidae,2,33.9
392,B18-10170,1,9/11/2018,33.13903,-117.33747,Nassarius tiarula,30,33.9
393,B18-10170,1,9/11/2018,33.13903,-117.33747,Caecum californicum,67,33.9
394,B18-10170,1,9/11/2018,33.13903,-117.33747,Podocerus cristatus,1,33.9
395,B18-10170,1,9/11/2018,33.13903,-117.33747,Rudilemboides stenopropodus,1,33.9
396,B18-10170,1,9/11/2018,33.13903,-117.33747,Chondrochelia dubia Cmplx,2,33.9
397,B18-10170,1,9/11/2018,33.13903,-117.33747,Mediomastus sp,8,33.9
398,B18-10170,1,9/11/2018,33.13903,-117.33747,Euclymeninae sp A,1,33.9
399,B18-10170,1,9/11/2018,33.13903,-117.33747,Armandia brevis,2,33.9
400,B18-10170,1,9/11/2018,33.13903,-117.33747,Scoletoma tetraura Cmplx,1,33.9
401,B18-10170,1,9/11/2018,33.13903,-117.33747,Diopatra sp,1,33.9
402,B18-10170,1,9/11/2018,33.13903,-117.33747,Exogone lourei,2,33.9
403,B18-10170,1,9/11/2018,33.13903,-117.33747,Owenia collaris,1,33.9
404,B18-10170,1,9/11/2018,33.13903,-117.33747,Euchone limnicola,1,33.9
405,B18-10170,1,9/11/2018,33.13903,-117.33747,Prionospio heterobranchia,1,33.9
406,B18-10170,1,9/11/2018,33.13903,-117.33747,Leitoscoloplos pugettensis,5,33.9
407,B18-10169,1,9/11/2018,33.13982,-117.31879,Phoronis sp,9,33.9
408,B18-10169,1,9/11/2018,33.13982,-117.31879,Musculista senhousia,3,33.9
409,B18-10169,1,9/11/2018,33.13982,-117.31879,Tagelus affinis,7,33.9
410,B18-10169,1,9/11/2018,33.13982,-117.31879,Tagelus subteres,19,33.9
411,B18-10169,1,9/11/2018,33.13982,-117.31879,Tellina meropsis,8,33.9
412,B18-10169,1,9/11/2018,33.13982,-117.31879,Oligochaeta,4,33.9
413,B18-10169,1,9/11/2018,33.13982,-117.31879,Barleeia subtenuis,1,33.9
414,B18-10169,1,9/11/2018,33.13982,-117.31879,Acteocina inculta,27,33.9
415,B18-10169,1,9/11/2018,33.13982,-117.31879,Capitella capitata Cmplx,1,33.9
416,B18-10169,1,9/11/2018,33.13982,-117.31879,Mediomastus sp,9,33.9
417,B18-10169,1,9/11/2018,33.13982,-117.31879,Scoletoma tetraura Cmplx,11,33.9
418,B18-10169,1,9/11/2018,33.13982,-117.31879,Neanthes acuminata Cmplx,6,33.9
419,B18-10169,1,9/11/2018,33.13982,-117.31879,Streblospio benedicti,2,33.9
420,B18-10169,1,9/11/2018,33.13982,-117.31879,Leitoscoloplos pugettensis,1,33.9
421,B18-10168,1,9/11/2018,33.14021,-117.32424,Phoronis sp,11,33.9
422,B18-10168,1,9/11/2018,33.14021,-117.32424,Anopla,1,33.9
423,B18-10168,1,9/11/2018,33.14021,-117.32424,Bivalvia,1,33.9
424,B18-10168,1,9/11/2018,33.14021,-117.32424,Mytilidae,1,33.9
425,B18-10168,1,9/11/2018,33.14021,-117.32424,Musculista senhousia,2,33.9
426,B18-10168,1,9/11/2018,33.14021,-117.32424,Tellina cadieni,2,33.9
427,B18-10168,1,9/11/2018,33.14021,-117.32424,Gastropoda,1,33.9
428,B18-10168,1,9/11/2018,33.14021,-117.32424,Acteocina inculta,10,33.9
429,B18-10168,1,9/11/2018,33.14021,-117.32424,Hartmanodes hartmanae,2,33.9
430,B18-10168,1,9/11/2018,33.14021,-117.32424,Scoletoma tetraura Cmplx,4,33.9
431,B18-10168,1,9/11/2018,33.14021,-117.32424,Leitoscoloplos pugettensis,4,33.9
