"","StationID","Replicate","SampleDate","Latitude","Longitude","SalZone","AMBI_Score","S","H","Oligo_pct","MAMBI_Score","Orig_MAMBI_Condition","New_MAMBI_Condition","Use_MAMBI","Use_AMBI","YesEG"
"1","DWR-C09-R",0,35481,37.828171,-121.552721,"TF",3,NA,0,0,0.53,"Good","Low Disturbance","Yes","Yes",100
"2","DWR-C09-R",2,35481,37.828171,-121.552721,"TF",3,NA,0,0,0.53,"Good","Low Disturbance","Yes","Yes",100
"3","DWR-C09-R",3,35481,37.828171,-121.552721,"TF",2.8,NA,0.90558726169826,6.66666666666667,0.651,"Good","Reference","Yes","Yes",100
"4","DWR-C09-R",4,35481,37.828171,-121.552721,"TF",2.33333333333333,NA,1.7527152789797,11.1111111111111,0.79,"High","Reference","Yes","Yes",100
"5","DWR-C09-R",0,35513,37.828171,-121.552721,"TF",3.50675675675676,NA,1.85338668372565,27.027027027027,0.672,"Good","Reference","Yes","Yes",98.6486486486486
"6","DWR-C09-R",2,35513,37.828171,-121.552721,"TF",4.76712328767123,NA,1.68399423044893,65.7534246575342,0.436,"Moderate","Moderate Disturbance","Yes","Yes",93.1506849315068
"7","DWR-C09-R",3,35513,37.828171,-121.552721,"TF",4.90540540540541,NA,1.7977271871445,67.5675675675676,0.437,"Moderate","Moderate Disturbance","Yes","Yes",95.945945945946
"8","DWR-C09-R",4,35513,37.828171,-121.552721,"TF",4.89344262295082,NA,1.24481423443082,64.7540983606557,0.368,"Poor","High Disturbance","Yes","Yes",100
"9","DWR-C09-R",0,35542,37.828171,-121.552721,"TF",1.71428571428571,NA,1.79475869351774,11.7647058823529,0.836,"High","Reference","Yes","Yes",100
"10","DWR-C09-R",2,35542,37.828171,-121.552721,"TF",1.99610894941634,NA,1.80585119449411,23.3463035019455,0.78,"High","Reference","Yes","Yes",98.8326848249027
"11","DWR-C09-R",3,35542,37.828171,-121.552721,"TF",1.52601156069364,NA,1.59567550477893,15.028901734104,0.81,"High","Reference","Yes","Yes",99.4219653179191
"12","DWR-C09-R",4,35542,37.828171,-121.552721,"TF",2.37058823529412,NA,2.15430524063873,25.8823529411765,0.796,"High","Reference","Yes","Yes",97.6470588235294
"13","DWR-C09-R",0,35571,37.828171,-121.552721,"TF",1.75073313782991,NA,1.59625309198219,9.09090909090909,0.814,"High","Reference","Yes","Yes",97.9472140762463
"14","DWR-C09-R",2,35571,37.828171,-121.552721,"TF",2.40246406570842,NA,1.80752072429289,27.9260780287474,0.738,"Good","Reference","Yes","Yes",97.3305954825462
"15","DWR-C09-R",3,35571,37.828171,-121.552721,"TF",2.74794069192751,NA,1.84488938431109,31.9604612850082,0.707,"Good","Reference","Yes","Yes",98.3525535420099
"16","DWR-C09-R",4,35571,37.828171,-121.552721,"TF",2.4572864321608,NA,2.09235220880877,24.1206030150754,0.787,"High","Reference","Yes","Yes",96.9849246231156
"17","DWR-C09-R",0,35599,37.828171,-121.552721,"TF",1.1702479338843,NA,1.46266021793828,5.28925619834711,0.847,"High","Reference","Yes","Yes",99.504132231405
"18","DWR-C09-R",2,35599,37.828171,-121.552721,"TF",1.90412621359223,NA,1.80984639767249,17.7184466019417,0.805,"High","Reference","Yes","Yes",99.5145631067961
"19","DWR-C09-R",3,35599,37.828171,-121.552721,"TF",1.93373493975904,NA,1.80141373070295,19.2771084337349,0.797,"High","Reference","Yes","Yes",99.3975903614458
"20","DWR-C09-R",4,35599,37.828171,-121.552721,"TF",3.45205479452055,NA,1.65299077368358,49.7716894977169,0.573,"Good","Low Disturbance","Yes","Yes",99.8477929984779
"21","DWR-C09-R",0,35633,37.828171,-121.552721,"TF",2.43396226415094,NA,1.64723118375979,27.3584905660377,0.715,"Good","Reference","Yes","Yes",98.1132075471698
"22","DWR-C09-R",2,35633,37.828171,-121.552721,"TF",3.30555555555556,NA,1.68386476344534,38.8888888888889,0.623,"Good","Reference","Yes","Yes",100
"23","DWR-C09-R",3,35633,37.828171,-121.552721,"TF",4.42325581395349,NA,1.38614798376641,60.9302325581395,0.432,"Moderate","Moderate Disturbance","Yes","Yes",100
"24","DWR-C09-R",4,35633,37.828171,-121.552721,"TF",3.52900232018562,NA,1.55050120853363,49.4199535962877,0.554,"Good","Low Disturbance","Yes","Yes",99.7679814385151
"25","DWR-C09-R",0,35661,37.828171,-121.552721,"TF",5.02816901408451,NA,1.07406916043488,78.8732394366197,0.288,"Poor","High Disturbance","Yes","Yes",98.5915492957746
"26","DWR-C09-R",2,35661,37.828171,-121.552721,"TF",5.20588235294118,NA,1.07509778437578,78.4313725490196,0.278,"Poor","High Disturbance","Yes","Yes",100
"27","DWR-C09-R",3,35661,37.828171,-121.552721,"TF",3.93103448275862,NA,1.59869981436705,40.2298850574713,0.564,"Good","Low Disturbance","Yes","Yes",93.1034482758621
"28","DWR-C09-R",4,35661,37.828171,-121.552721,"TF",5.34246575342466,NA,0.818653464071764,80.8219178082192,0.224,"Poor","High Disturbance","Yes","Yes",97.2602739726027
"29","DWR-C09-R",0,35689,37.828171,-121.552721,"TF",5.68421052631579,NA,0.485460760745913,89.4736842105263,0.125,"Bad","High Disturbance","Yes","Yes",100
"30","DWR-C09-R",2,35689,37.828171,-121.552721,"TF",5.8235294117647,NA,0.322756958897398,94.1176470588235,0.077,"Bad","High Disturbance","Yes","Yes",100
"31","DWR-C09-R",3,35689,37.828171,-121.552721,"TF",5.45070422535211,NA,0.728018094863951,84.5070422535211,0.192,"Bad","High Disturbance","Yes","Yes",100
"32","DWR-C09-R",4,35689,37.828171,-121.552721,"TF",5.55882352941176,NA,0.602430802040445,85.2941176470588,0.164,"Bad","High Disturbance","Yes","Yes",100
"33","DWR-C09-R",0,35731,37.828171,-121.552721,"TF",5.13333333333333,NA,0.867281622200026,71.1111111111111,0.277,"Poor","High Disturbance","Yes","Yes",100
"34","DWR-C09-R",2,35731,37.828171,-121.552721,"TF",4.7027027027027,NA,0.986786720268032,56.7567567567568,0.37,"Poor","High Disturbance","Yes","Yes",100
"35","DWR-C09-R",3,35731,37.828171,-121.552721,"TF",4.43478260869565,NA,0.998635964158572,47.8260869565217,0.419,"Moderate","Moderate Disturbance","Yes","Yes",100
"36","DWR-C09-R",4,35731,37.828171,-121.552721,"TF",4.73333333333333,NA,1.19831316851321,62.2222222222222,0.38,"Poor","High Disturbance","Yes","Yes",97.7777777777778
"37","DWR-C09-R",0,35752,37.828171,-121.552721,"TF",3,NA,1.309296668237,18.1818181818182,0.658,"Good","Reference","Yes","Yes",81.8181818181818
"38","DWR-C09-R",2,35752,37.828171,-121.552721,"TF",5.15789473684211,NA,0.856405238913138,71.9298245614035,0.271,"Poor","High Disturbance","Yes","Yes",100
"39","DWR-C09-R",3,35752,37.828171,-121.552721,"TF",3.72413793103448,NA,2.03217627436639,34.4827586206897,0.658,"Good","Reference","Yes","Yes",89.6551724137931
"40","DWR-C09-R",4,35752,37.828171,-121.552721,"TF",5.48648648648649,NA,0.761507892496422,83.3333333333333,0.198,"Bad","High Disturbance","Yes","Yes",100
"41","DWR-C09-R",0,35780,37.828171,-121.552721,"TF",5.14285714285714,NA,0.863120568566631,71.4285714285714,0.275,"Poor","High Disturbance","Yes","Yes",100
"42","DWR-C09-R",2,35780,37.828171,-121.552721,"TF",4.42105263157895,NA,1.23638641087129,52.6315789473684,0.438,"Moderate","Moderate Disturbance","Yes","Yes",100
"43","DWR-C09-R",3,35780,37.828171,-121.552721,"TF",4.5,NA,1,50,0.408,"Moderate","Moderate Disturbance","Yes","Yes",100
"44","DWR-C09-R",4,35780,37.828171,-121.552721,"TF",5.19230769230769,NA,0.840358671609117,73.0769230769231,0.263,"Poor","High Disturbance","Yes","Yes",100
"45","DWR-C09-R",0,35809,37.828171,-121.552721,NA,3.75,5,1.33022863074593,NA,NA,NA,NA,"No - No Salinity Value","Yes",95.4545454545455
"46","DWR-C09-R",2,35809,37.828171,-121.552721,NA,4.84615384615385,5,1.26563005130328,NA,NA,NA,NA,"No - No Salinity Value","Yes",100
"47","DWR-C09-R",3,35809,37.828171,-121.552721,NA,5.1,2,0.881290899230693,NA,NA,NA,NA,"No - No Salinity Value","Yes",100
"48","DWR-C09-R",4,35809,37.828171,-121.552721,NA,3,5,1.23814624818588,NA,NA,NA,NA,"No - No Salinity Value","Yes",90.9090909090909
"49","DWR-C09-R",0,35870,37.828171,-121.552721,NA,4.73076923076923,7,1.40745868612212,NA,NA,NA,NA,"No - No Salinity Value","Yes",97.8021978021978
"50","DWR-C09-R",2,35870,37.828171,-121.552721,NA,4.71052631578947,9,1.43682644717924,NA,NA,NA,NA,"No - No Salinity Value","Yes",98.2456140350877
"51","DWR-C09-R",3,35870,37.828171,-121.552721,NA,5.004,11,1.27519774174722,NA,NA,NA,NA,"No - No Salinity Value","Yes",98
"52","DWR-C09-R",4,35870,37.828171,-121.552721,NA,4.5812274368231,9,1.37299214196004,NA,NA,NA,NA,"No - No Salinity Value","Yes",98.9169675090253
"53","DWR-C09-R",0,35900,37.828171,-121.552721,NA,3.80859375,8,1.73389337488377,NA,NA,NA,NA,"No - No Salinity Value","Yes",94.921875
"54","DWR-C09-R",2,35900,37.828171,-121.552721,NA,4.05394190871369,14,1.753209412728,NA,NA,NA,NA,"No - No Salinity Value","Yes",95.2973720608575
"55","DWR-C09-R",3,35900,37.828171,-121.552721,NA,4.41689008042896,13,1.46142083575559,NA,NA,NA,NA,"No - No Salinity Value","Yes",97.1403038427167
"56","DWR-C09-R",4,35900,37.828171,-121.552721,NA,4.015625,12,1.86931133219674,NA,NA,NA,NA,"No - No Salinity Value","Yes",98.125
"57","DWR-C09-R",0,35927,37.828171,-121.552721,NA,2.11824324324324,12,1.82898239028637,NA,NA,NA,NA,"No - No Salinity Value","Yes",97.2972972972973
"58","DWR-C09-R",2,35927,37.828171,-121.552721,NA,4.48623853211009,13,1.37004396830358,NA,NA,NA,NA,"No - No Salinity Value","Yes",97.9357798165138
"59","DWR-C09-R",3,35927,37.828171,-121.552721,NA,3.46923076923077,10,1.78723956752497,NA,NA,NA,NA,"No - No Salinity Value","Yes",97.9487179487179
"60","DWR-C09-R",4,35927,37.828171,-121.552721,NA,3.86918604651163,10,1.44843036908419,NA,NA,NA,NA,"No - No Salinity Value","Yes",98.6434108527132
"61","DWR-C09-R",0,35954,37.828171,-121.552721,NA,5.24662379421222,14,0.874804202652033,NA,NA,NA,NA,"No - No Salinity Value","Yes",97.556270096463
"62","DWR-C09-R",2,35954,37.828171,-121.552721,NA,5.16453065465882,13,0.958972260147693,NA,NA,NA,NA,"No - No Salinity Value","Yes",98.3027364045722
"63","DWR-C09-R",3,35954,37.828171,-121.552721,NA,5.21575649059982,13,0.859865250844969,NA,NA,NA,NA,"No - No Salinity Value","Yes",96.598030438675
"64","DWR-C09-R",4,35954,37.828171,-121.552721,NA,5.23861171366594,14,1.0811161285637,NA,NA,NA,NA,"No - No Salinity Value","Yes",94.3600867678959
"65","DWR-C09-R",0,35984,37.828171,-121.552721,NA,4.50900225056264,14,1.54267362407754,NA,NA,NA,NA,"No - No Salinity Value","Yes",96.9992498124531
"66","DWR-C09-R",2,35984,37.828171,-121.552721,NA,4.53488372093023,11,1.4315689723135,NA,NA,NA,NA,"No - No Salinity Value","Yes",97.2344437460717
"67","DWR-C09-R",3,35984,37.828171,-121.552721,NA,4.80827067669173,9,1.22493983566843,NA,NA,NA,NA,"No - No Salinity Value","Yes",98.2456140350877
"68","DWR-C09-R",4,35984,37.828171,-121.552721,NA,4.96786703601108,8,1.08038832583578,NA,NA,NA,NA,"No - No Salinity Value","Yes",98.6703601108033
"69","DWR-C09-R",0,36012,37.828171,-121.552721,NA,4.28158458244111,9,1.36536231712801,NA,NA,NA,NA,"No - No Salinity Value","Yes",99.4646680942184
"70","DWR-C09-R",2,36012,37.828171,-121.552721,NA,4.14622641509434,14,1.35188852127053,NA,NA,NA,NA,"No - No Salinity Value","Yes",99.3996569468268
"71","DWR-C09-R",3,36012,37.828171,-121.552721,NA,5.70535714285714,9,0.347556368761786,NA,NA,NA,NA,"No - No Salinity Value","Yes",99.6428571428572
"72","DWR-C09-R",4,36012,37.828171,-121.552721,NA,4.74811256005491,8,0.970073686033345,NA,NA,NA,NA,"No - No Salinity Value","Yes",99.1763898421414
"73","DWR-C09-R",0,36054,37.828171,-121.552721,NA,5.35971223021583,9,0.912040585989579,NA,NA,NA,NA,"No - No Salinity Value","Yes",95.9232613908873
"74","DWR-C09-R",2,36054,37.828171,-121.552721,NA,5.76338028169014,5,0.403206051749406,NA,NA,NA,NA,"No - No Salinity Value","Yes",98.2159624413146
"75","DWR-C09-R",3,36054,37.828171,-121.552721,NA,5.62752646775746,10,0.645511069246286,NA,NA,NA,NA,"No - No Salinity Value","Yes",97.4013474494706
"76","DWR-C09-R",4,36054,37.828171,-121.552721,NA,5.76057176891007,6,0.396936650101445,NA,NA,NA,NA,"No - No Salinity Value","Yes",98.5705777248362
"77","DWR-C09-R",0,36095,37.828171,-121.552721,NA,5.25954198473283,8,0.849507620373968,NA,NA,NA,NA,"No - No Salinity Value","Yes",99.4910941475827
"78","DWR-C09-R",2,36095,37.828171,-121.552721,NA,5.39495798319328,5,0.668682388023849,NA,NA,NA,NA,"No - No Salinity Value","Yes",99.1596638655462
"79","DWR-C09-R",3,36095,37.828171,-121.552721,NA,5.5625,4,0.531427853392733,NA,NA,NA,NA,"No - No Salinity Value","Yes",100
"80","DWR-C09-R",4,36095,37.828171,-121.552721,NA,5.44264943457189,6,0.6910715267298,NA,NA,NA,NA,"No - No Salinity Value","Yes",99.3537964458804
"81","DWR-C09-R",0,36104,37.828171,-121.552721,NA,5.146875,7,0.839677327346166,NA,NA,NA,NA,"No - No Salinity Value","Yes",99.84375
"82","DWR-C09-R",2,36104,37.828171,-121.552721,NA,5.11687170474517,9,0.841593316225523,NA,NA,NA,NA,"No - No Salinity Value","Yes",99.2091388400703
"83","DWR-C09-R",3,36104,37.828171,-121.552721,NA,5.40748440748441,4,0.668224807079864,NA,NA,NA,NA,"No - No Salinity Value","Yes",100
"84","DWR-C09-R",4,36104,37.828171,-121.552721,NA,5.24196018376723,3,0.656214571882623,NA,NA,NA,NA,"No - No Salinity Value","Yes",100
"85","DWR-C09-R",0,36150,37.828171,-121.552721,NA,5.73648648648649,3,0.390923300878921,NA,NA,NA,NA,"No - No Salinity Value","Yes",100
"86","DWR-C09-R",2,36150,37.828171,-121.552721,NA,5.36048526863085,8,0.761827430295249,NA,NA,NA,NA,"No - No Salinity Value","Yes",99.1334488734835
"87","DWR-C09-R",3,36150,37.828171,-121.552721,NA,5.24050632911393,5,0.810281054219508,NA,NA,NA,NA,"No - No Salinity Value","Yes",99.1561181434599
"88","DWR-C09-R",4,36150,37.828171,-121.552721,NA,5.60280373831776,8,0.639670192145292,NA,NA,NA,NA,"No - No Salinity Value","Yes",98.9096573208723
"89","DWR-C09-R",0,36173,37.828171,-121.552721,NA,5.07547169811321,8,0.964369102197161,NA,NA,NA,NA,"No - No Salinity Value","Yes",98.4276729559749
"90","DWR-C09-R",2,36173,37.828171,-121.552721,NA,5.13203883495146,5,0.90449436184347,NA,NA,NA,NA,"No - No Salinity Value","Yes",98.8349514563107
"91","DWR-C09-R",3,36173,37.828171,-121.552721,NA,4.86451612903226,7,1.23289779113825,NA,NA,NA,NA,"No - No Salinity Value","Yes",98.494623655914
"92","DWR-C09-R",4,36173,37.828171,-121.552721,NA,5.35232383808096,5,0.746997478042201,NA,NA,NA,NA,"No - No Salinity Value","Yes",98.6506746626687
"93","DWR-C09-R",0,36208,37.828171,-121.552721,NA,5.00852878464819,12,1.22280217163644,NA,NA,NA,NA,"No - No Salinity Value","Yes",97.4413646055437
"94","DWR-C09-R",2,36208,37.828171,-121.552721,NA,5.0958904109589,10,1.24979574079469,NA,NA,NA,NA,"No - No Salinity Value","Yes",92.6940639269406
"95","DWR-C09-R",3,36208,37.828171,-121.552721,NA,5.13389121338912,5,1.01839247869257,NA,NA,NA,NA,"No - No Salinity Value","Yes",94.1422594142259
"96","DWR-C09-R",4,36208,37.828171,-121.552721,NA,5.53571428571429,7,0.68121814650351,NA,NA,NA,NA,"No - No Salinity Value","Yes",99.0842490842491
"97","DWR-C09-R",0,36235,37.828171,-121.552721,NA,5.625,3,0.46156355438633,NA,NA,NA,NA,"No - No Salinity Value","Yes",100
"98","DWR-C09-R",2,36235,37.828171,-121.552721,NA,5.5850144092219,5,0.497623508502628,NA,NA,NA,NA,"No - No Salinity Value","Yes",99.135446685879
"99","DWR-C09-R",3,36235,37.828171,-121.552721,NA,4.65843270868825,12,1.34638086571166,NA,NA,NA,NA,"No - No Salinity Value","Yes",98.6371379897785
"100","DWR-C09-R",4,36235,37.828171,-121.552721,NA,5.06429548563611,7,1.0783010103232,NA,NA,NA,NA,"No - No Salinity Value","Yes",97.8112175102599
"101","DWR-C09-R",0,36264,37.828171,-121.552721,NA,4.08355795148248,12,1.66860058260345,NA,NA,NA,NA,"No - No Salinity Value","Yes",97.0350404312669
"102","DWR-C09-R",2,36264,37.828171,-121.552721,NA,3.38671875,10,1.56121268905819,NA,NA,NA,NA,"No - No Salinity Value","Yes",97.65625
"103","DWR-C09-R",3,36264,37.828171,-121.552721,NA,3.78720626631854,10,1.6821116446044,NA,NA,NA,NA,"No - No Salinity Value","Yes",97.7806788511749
"104","DWR-C09-R",4,36264,37.828171,-121.552721,NA,4.20946538124452,13,1.76369912720425,NA,NA,NA,NA,"No - No Salinity Value","Yes",97.7212971078002
"105","DWR-C09-R",0,36298,37.828171,-121.552721,NA,4.37942583732057,15,1.15680585943349,NA,NA,NA,NA,"No - No Salinity Value","Yes",98.1818181818182
"106","DWR-C09-R",2,36298,37.828171,-121.552721,NA,4.18106686701728,12,1.29451923979186,NA,NA,NA,NA,"No - No Salinity Value","Yes",96.0931630353118
"107","DWR-C09-R",3,36298,37.828171,-121.552721,NA,4.44099378881988,5,1.05846029462978,NA,NA,NA,NA,"No - No Salinity Value","Yes",97.5155279503106
"108","DWR-C09-R",4,36298,37.828171,-121.552721,NA,4.42027559055118,12,1.26070592697554,NA,NA,NA,NA,"No - No Salinity Value","Yes",98.3759842519685
"109","DWR-C09-R",0,36325,37.828171,-121.552721,NA,4.31746031746032,4,1.24913513549828,NA,NA,NA,NA,"No - No Salinity Value","Yes",100
"110","DWR-C09-R",2,36325,37.828171,-121.552721,NA,4.55240174672489,8,1.15802786949157,NA,NA,NA,NA,"No - No Salinity Value","Yes",99.1751576904415
"111","DWR-C09-R",3,36325,37.828171,-121.552721,NA,4.66416978776529,12,1.16715322193476,NA,NA,NA,NA,"No - No Salinity Value","Yes",98.9596337910945
"112","DWR-C09-R",4,36325,37.828171,-121.552721,NA,4.8320015980823,8,1.03595629476916,NA,NA,NA,NA,"No - No Salinity Value","Yes",99.3607670795046
"113","DWR-C09-R",0,36354,37.828171,-121.552721,NA,5.52272727272727,4,0.683734197373032,NA,NA,NA,NA,"No - No Salinity Value","Yes",100
"114","DWR-C09-R",2,36354,37.828171,-121.552721,NA,5.82608695652174,4,0.321459882448609,NA,NA,NA,NA,"No - No Salinity Value","Yes",100
"115","DWR-C09-R",3,36354,37.828171,-121.552721,NA,5.89814814814815,4,0.204063841082265,NA,NA,NA,NA,"No - No Salinity Value","Yes",100
"116","DWR-C09-R",4,36354,37.828171,-121.552721,NA,5.93571428571429,4,0.1294517666922,NA,NA,NA,NA,"No - No Salinity Value","Yes",100
"117","DWR-C09-R",0,36383,37.828171,-121.552721,NA,5.375,3,0.825724338580464,NA,NA,NA,NA,"No - No Salinity Value","Yes",100
"118","DWR-C09-R",2,36383,37.828171,-121.552721,NA,4.90909090909091,2,0.94566030460064,NA,NA,NA,NA,"No - No Salinity Value","Yes",100
"119","DWR-C09-R",3,36383,37.828171,-121.552721,NA,4.78378378378378,4,1.28355117735378,NA,NA,NA,NA,"No - No Salinity Value","Yes",100
"120","DWR-C09-R",4,36383,37.828171,-121.552721,NA,5.89285714285714,3,0.229864112712471,NA,NA,NA,NA,"No - No Salinity Value","Yes",100
"121","DWR-C09-R",0,36425,37.828171,-121.552721,NA,5.84210526315789,2,0.29747224891929,NA,NA,NA,NA,"No - No Salinity Value","Yes",100
"122","DWR-C09-R",2,36425,37.828171,-121.552721,NA,5.85714285714286,2,0.276195427647939,NA,NA,NA,NA,"No - No Salinity Value","Yes",100
"123","DWR-C09-R",3,36425,37.828171,-121.552721,NA,6,1,0,NA,NA,NA,NA,"No - No Salinity Value","Yes",100
"124","DWR-C09-R",4,36425,37.828171,-121.552721,NA,6,1,0,NA,NA,NA,NA,"No - No Salinity Value","Yes",100
"125","DWR-C09-R",0,36474,37.828171,-121.552721,NA,4.8,3,1.15893853235028,NA,NA,NA,NA,"No - No Salinity Value","Yes",100
"126","DWR-C09-R",2,36474,37.828171,-121.552721,NA,5.4,2,0.721928094887362,NA,NA,NA,NA,"No - No Salinity Value","Yes",100
"127","DWR-C09-R",3,36474,37.828171,-121.552721,NA,5.41666666666667,3,0.75835949192308,NA,NA,NA,NA,"No - No Salinity Value","Yes",100
"128","DWR-C09-R",4,36474,37.828171,-121.552721,NA,5.3448275862069,4,0.848256578369802,NA,NA,NA,NA,"No - No Salinity Value","Yes",98.8505747126437
"129","DWR-C09-R",0,36502,37.828171,-121.552721,NA,6,1,0,NA,NA,NA,NA,"No - No Salinity Value","Yes",100
"130","DWR-C09-R",2,36502,37.828171,-121.552721,NA,5.25,2,0.811278124459133,NA,NA,NA,NA,"No - No Salinity Value","Yes",100
"131","DWR-C09-R",3,36502,37.828171,-121.552721,NA,4.5,4,1.48383170684469,NA,NA,NA,NA,"No - No Salinity Value","Yes",100
"132","DWR-C09-R",4,36502,37.828171,-121.552721,NA,5.53333333333333,3,0.715608195992271,NA,NA,NA,NA,"No - No Salinity Value","Yes",100
"133","DWR-C09-R",0,36530,37.828171,-121.552721,NA,5.6,3,0.699842839886239,NA,NA,NA,NA,"No - No Salinity Value","Yes",100
"134","DWR-C09-R",2,36530,37.828171,-121.552721,NA,4.30434782608696,5,1.8546890001764,NA,NA,NA,NA,"No - No Salinity Value","Yes",91.304347826087
"135","DWR-C09-R",3,36530,37.828171,-121.552721,NA,4.5,4,1.77832835373141,NA,NA,NA,NA,"No - No Salinity Value","Yes",100
"136","DWR-C09-R",4,36530,37.828171,-121.552721,NA,3.5,5,2.10541058706841,NA,NA,NA,NA,"No - No Salinity Value","Yes",94.4444444444444
"137","DWR-C09-R",0,36579,37.828171,-121.552721,NA,5.00917431192661,7,1.35168326388765,NA,NA,NA,NA,"No - No Salinity Value","Yes",98.1651376146789
"138","DWR-C09-R",2,36579,37.828171,-121.552721,NA,4.57142857142857,4,1.45553423472834,NA,NA,NA,NA,"No - No Salinity Value","Yes",100
"139","DWR-C09-R",3,36579,37.828171,-121.552721,NA,4.78846153846154,6,1.48837271030413,NA,NA,NA,NA,"No - No Salinity Value","Yes",94.2307692307692
"140","DWR-C09-R",4,36579,37.828171,-121.552721,NA,4.45161290322581,6,1.81584909449712,NA,NA,NA,NA,"No - No Salinity Value","Yes",100
"141","DWR-C09-R",0,36607,37.828171,-121.552721,NA,5.23529411764706,9,1.36761853320124,NA,NA,NA,NA,"No - No Salinity Value","Yes",93.1372549019608
"142","DWR-C09-R",2,36607,37.828171,-121.552721,NA,4.2089552238806,12,2.18238383858096,NA,NA,NA,NA,"No - No Salinity Value","Yes",91.044776119403
"143","DWR-C09-R",3,36607,37.828171,-121.552721,NA,4.3134328358209,10,2.2515632594845,NA,NA,NA,NA,"No - No Salinity Value","Yes",86.0696517412935
"144","DWR-C09-R",4,36607,37.828171,-121.552721,NA,4.98058252427184,6,1.25214892587355,NA,NA,NA,NA,"No - No Salinity Value","Yes",94.1747572815534
"145","DWR-C09-R",0,36635,37.828171,-121.552721,NA,3.94660194174757,9,2.06262994165465,NA,NA,NA,NA,"No - No Salinity Value","Yes",96.1165048543689
"146","DWR-C09-R",2,36635,37.828171,-121.552721,NA,4.30205278592375,14,1.87912303192945,NA,NA,NA,NA,"No - No Salinity Value","Yes",97.3607038123167
"147","DWR-C09-R",3,36635,37.828171,-121.552721,NA,4.73736263736264,14,1.68556492297603,NA,NA,NA,NA,"No - No Salinity Value","Yes",96.4835164835165
"148","DWR-C09-R",4,36635,37.828171,-121.552721,NA,4.43893805309734,13,1.81673962317753,NA,NA,NA,NA,"No - No Salinity Value","Yes",96.8141592920354
"149","DWR-C09-R",0,36664,37.828171,-121.552721,NA,4.25888324873096,11,1.66634791603613,NA,NA,NA,NA,"No - No Salinity Value","Yes",96.9543147208122
"150","DWR-C09-R",2,36664,37.828171,-121.552721,NA,4.4218009478673,6,1.51421561633155,NA,NA,NA,NA,"No - No Salinity Value","Yes",96.6824644549763
"151","DWR-C09-R",3,36664,37.828171,-121.552721,NA,4.89665653495441,6,1.14719673808974,NA,NA,NA,NA,"No - No Salinity Value","Yes",98.1762917933131
"152","DWR-C09-R",4,36664,37.828171,-121.552721,NA,4.54809160305344,8,1.52591283334961,NA,NA,NA,NA,"No - No Salinity Value","Yes",95.1145038167939
"153","DWR-C09-R",0,36691,37.828171,-121.552721,NA,4.8,4,0.923682458296068,NA,NA,NA,NA,"No - No Salinity Value","Yes",100
"154","DWR-C09-R",2,36691,37.828171,-121.552721,NA,3.77690582959641,10,1.55070104010253,NA,NA,NA,NA,"No - No Salinity Value","Yes",99.626307922272
"155","DWR-C09-R",3,36691,37.828171,-121.552721,NA,3.52582159624413,5,1.54367225853369,NA,NA,NA,NA,"No - No Salinity Value","Yes",99.6870109546166
"156","DWR-C09-R",4,36691,37.828171,-121.552721,NA,3.41535556954059,4,1.58385741175222,NA,NA,NA,NA,"No - No Salinity Value","Yes",100
"157","DWR-C09-R",0,36724,37.828171,-121.552721,NA,5.47297297297297,6,0.745219058492772,NA,NA,NA,NA,"No - No Salinity Value","Yes",99.0990990990991
"158","DWR-C09-R",2,36724,37.828171,-121.552721,NA,6,1,0,NA,NA,NA,NA,"No - No Salinity Value","Yes",100
"159","DWR-C09-R",3,36724,37.828171,-121.552721,NA,5.69457013574661,6,0.552316876804569,NA,NA,NA,NA,"No - No Salinity Value","Yes",99.5475113122172
"160","DWR-C09-R",4,36724,37.828171,-121.552721,NA,5.72033898305085,6,0.511627852966678,NA,NA,NA,NA,"No - No Salinity Value","Yes",99.1525423728814
"161","DWR-C09-R",0,36753,37.828171,-121.552721,NA,4.79347826086957,4,1.31516690544053,NA,NA,NA,NA,"No - No Salinity Value","Yes",100
"162","DWR-C09-R",2,36753,37.828171,-121.552721,NA,3.81818181818182,4,1.62836212077662,NA,NA,NA,NA,"No - No Salinity Value","Yes",100
"163","DWR-C09-R",3,36753,37.828171,-121.552721,NA,2.98125,5,1.2497865834083,NA,NA,NA,NA,"No - No Salinity Value","Yes",100
"164","DWR-C09-R",4,36753,37.828171,-121.552721,NA,4.11290322580645,5,1.42427964440824,NA,NA,NA,NA,"No - No Salinity Value","Yes",100
"165","DWR-C09-R",0,36780,37.828171,-121.552721,NA,4.06451612903226,4,1.57845025361314,NA,NA,NA,NA,"No - No Salinity Value","Yes",100
"166","DWR-C09-R",2,36780,37.828171,-121.552721,NA,5.25,4,1.05535321924498,NA,NA,NA,NA,"No - No Salinity Value","Yes",100
"167","DWR-C09-R",3,36780,37.828171,-121.552721,NA,5.64705882352941,2,0.522559374536941,NA,NA,NA,NA,"No - No Salinity Value","Yes",100
"168","DWR-C09-R",4,36780,37.828171,-121.552721,NA,5.59322033898305,4,0.716482584194499,NA,NA,NA,NA,"No - No Salinity Value","Yes",100
"169","DWR-C09-R",0,36809,37.828171,-121.552721,NA,5.33333333333333,2,0.76420450650862,NA,NA,NA,NA,"No - No Salinity Value","Yes",100
"170","DWR-C09-R",2,36809,37.828171,-121.552721,NA,5.07894736842105,5,1.07491370633707,NA,NA,NA,NA,"No - No Salinity Value","Yes",100
"171","DWR-C09-R",3,36809,37.828171,-121.552721,NA,3.75757575757576,8,2.29119632643016,NA,NA,NA,NA,"No - No Salinity Value","Yes",97.979797979798
"172","DWR-C09-R",4,36809,37.828171,-121.552721,NA,4.62162162162162,2,0.995252549439679,NA,NA,NA,NA,"No - No Salinity Value","Yes",100
"173","DWR-C09-R",0,36845,37.828171,-121.552721,NA,5.6,2,0.566509506552905,NA,NA,NA,NA,"No - No Salinity Value","Yes",100
"174","DWR-C09-R",2,36845,37.828171,-121.552721,NA,5.08695652173913,2,0.88654089282209,NA,NA,NA,NA,"No - No Salinity Value","Yes",100
"175","DWR-C09-R",3,36845,37.828171,-121.552721,NA,5.48275862068965,4,0.72517781421269,NA,NA,NA,NA,"No - No Salinity Value","Yes",98.2758620689655
"176","DWR-C09-R",4,36845,37.828171,-121.552721,NA,5,3,1.04884126046616,NA,NA,NA,NA,"No - No Salinity Value","Yes",95.2380952380952
"177","DWR-C09-R",0,36872,37.828171,-121.552721,NA,5.1,3,0.991760148180973,NA,NA,NA,NA,"No - No Salinity Value","Yes",100
"178","DWR-C09-R",2,36872,37.828171,-121.552721,NA,5.52,3,0.764114054554027,NA,NA,NA,NA,"No - No Salinity Value","Yes",100
"179","DWR-C09-R",3,36872,37.828171,-121.552721,NA,5,4,1.11437640809448,NA,NA,NA,NA,"No - No Salinity Value","Yes",96.969696969697
"180","DWR-C09-R",4,36872,37.828171,-121.552721,NA,5.27272727272727,3,0.871024189782837,NA,NA,NA,NA,"No - No Salinity Value","Yes",100
"181","DWR-C09-R",0,36907,37.828171,-121.552721,NA,4.4889705882353,5,1.37342652080408,NA,NA,NA,NA,"No - No Salinity Value","Yes",100
"182","DWR-C09-R",2,36907,37.828171,-121.552721,NA,4.21621621621622,7,1.61451229901421,NA,NA,NA,NA,"No - No Salinity Value","Yes",99.6138996138996
"183","DWR-C09-R",3,36907,37.828171,-121.552721,NA,3.46315789473684,6,2.04550510149173,NA,NA,NA,NA,"No - No Salinity Value","Yes",100
"184","DWR-C09-R",4,36907,37.828171,-121.552721,NA,2.45753424657534,11,2.16236983718479,NA,NA,NA,NA,"No - No Salinity Value","Yes",98.9041095890411
"185","DWR-C09-R",0,36931,37.828171,-121.552721,NA,3.8,2,0.836640741941167,NA,NA,NA,NA,"No - No Salinity Value","Yes",100
"186","DWR-C09-R",2,36931,37.828171,-121.552721,NA,4.125,2,0.954434002924965,NA,NA,NA,NA,"No - No Salinity Value","Yes",100
"187","DWR-C09-R",3,36931,37.828171,-121.552721,NA,3.9,2,0.881290899230693,NA,NA,NA,NA,"No - No Salinity Value","Yes",100
"188","DWR-C09-R",4,36931,37.828171,-121.552721,NA,3.3,5,2.04643934467102,NA,NA,NA,NA,"No - No Salinity Value","Yes",90
"189","DWR-C09-R",0,36957,37.828171,-121.552721,NA,4.40625,4,1.40273756778213,NA,NA,NA,NA,"No - No Salinity Value","Yes",93.75
"190","DWR-C09-R",2,36957,37.828171,-121.552721,NA,5.25,2,0.543564443199596,NA,NA,NA,NA,"No - No Salinity Value","Yes",100
"191","DWR-C09-R",3,36957,37.828171,-121.552721,NA,4.56,5,1.51366245423348,NA,NA,NA,NA,"No - No Salinity Value","Yes",96
"192","DWR-C09-R",4,36957,37.828171,-121.552721,NA,4.65,5,1.3250542120815,NA,NA,NA,NA,"No - No Salinity Value","Yes",100
"193","DWR-C09-R",0,36987,37.828171,-121.552721,NA,5.4,3,0.921928094887362,NA,NA,NA,NA,"No - No Salinity Value","Yes",100
"194","DWR-C09-R",2,36987,37.828171,-121.552721,NA,3.80769230769231,4,1.60727108784993,NA,NA,NA,NA,"No - No Salinity Value","Yes",96.1538461538462
"195","DWR-C09-R",3,36987,37.828171,-121.552721,NA,5.37845303867403,8,0.895553162013822,NA,NA,NA,NA,"No - No Salinity Value","Yes",98.3425414364641
"196","DWR-C09-R",4,36987,37.828171,-121.552721,NA,5.6986301369863,4,0.392580113871095,NA,NA,NA,NA,"No - No Salinity Value","Yes",100
"197","DWR-C09-R",0,37020,37.828171,-121.552721,NA,2.55125523012552,12,1.70772738267986,NA,NA,NA,NA,"No - No Salinity Value","Yes",98.9539748953975
"198","DWR-C09-R",2,37020,37.828171,-121.552721,NA,1.71323529411765,9,1.62410684024588,NA,NA,NA,NA,"No - No Salinity Value","Yes",98.8562091503268
"199","DWR-C09-R",3,37020,37.828171,-121.552721,NA,2.01531291611185,12,1.86160911122146,NA,NA,NA,NA,"No - No Salinity Value","Yes",98.5352862849534
"200","DWR-C09-R",4,37020,37.828171,-121.552721,NA,2.28656126482213,11,1.84868246983103,NA,NA,NA,NA,"No - No Salinity Value","Yes",99.0777338603426
"201","DWR-C09-R",0,37049,37.828171,-121.552721,NA,1.71028037383178,5,1.63563487513286,NA,NA,NA,NA,"No - No Salinity Value","Yes",100
"202","DWR-C09-R",2,37049,37.828171,-121.552721,NA,2.53301886792453,10,1.86997257014746,NA,NA,NA,NA,"No - No Salinity Value","Yes",99.0566037735849
"203","DWR-C09-R",3,37049,37.828171,-121.552721,NA,3.54255319148936,7,1.80530483990351,NA,NA,NA,NA,"No - No Salinity Value","Yes",99.7340425531915
"204","DWR-C09-R",4,37049,37.828171,-121.552721,NA,3.17673716012085,10,1.76893151186247,NA,NA,NA,NA,"No - No Salinity Value","Yes",99.0936555891239
"205","DWR-C09-R",0,37095,37.828171,-121.552721,NA,5.04878048780488,6,1.26853814203999,NA,NA,NA,NA,"No - No Salinity Value","Yes",98.780487804878
"206","DWR-C09-R",2,37095,37.828171,-121.552721,NA,5.14925373134328,4,1.01441931057569,NA,NA,NA,NA,"No - No Salinity Value","Yes",100
"207","DWR-C09-R",3,37095,37.828171,-121.552721,NA,2.9,5,1.83429559002742,NA,NA,NA,NA,"No - No Salinity Value","Yes",100
"208","DWR-C09-R",4,37095,37.828171,-121.552721,NA,4.21428571428571,5,1.64337477181939,NA,NA,NA,NA,"No - No Salinity Value","Yes",100
"209","DWR-C09-R",0,37124,37.828171,-121.552721,NA,5.23728813559322,4,0.970430108158241,NA,NA,NA,NA,"No - No Salinity Value","Yes",100
"210","DWR-C09-R",2,37124,37.828171,-121.552721,NA,4.89473684210526,3,1.0606655462588,NA,NA,NA,NA,"No - No Salinity Value","Yes",100
"211","DWR-C09-R",3,37124,37.828171,-121.552721,NA,4.125,3,1.41973671780348,NA,NA,NA,NA,"No - No Salinity Value","Yes",100
"212","DWR-C09-R",4,37124,37.828171,-121.552721,NA,3,4,1.83523774531212,NA,NA,NA,NA,"No - No Salinity Value","Yes",92.8571428571429
"213","DWR-C09-R",0,37152,37.828171,-121.552721,NA,5.29411764705882,4,0.938965561413156,NA,NA,NA,NA,"No - No Salinity Value","Yes",100
"214","DWR-C09-R",2,37152,37.828171,-121.552721,NA,4.54838709677419,4,1.32495701006721,NA,NA,NA,NA,"No - No Salinity Value","Yes",100
"215","DWR-C09-R",3,37152,37.828171,-121.552721,NA,5.11764705882353,4,1.01986488023045,NA,NA,NA,NA,"No - No Salinity Value","Yes",97.0588235294118
"216","DWR-C09-R",4,37152,37.828171,-121.552721,NA,5.8953488372093,2,0.218321030237467,NA,NA,NA,NA,"No - No Salinity Value","Yes",100
"217","DWR-C09-R",0,37182,37.828171,-121.552721,NA,4.93548387096774,3,1.05845466873091,NA,NA,NA,NA,"No - No Salinity Value","Yes",100
"218","DWR-C09-R",2,37182,37.828171,-121.552721,NA,4.55555555555556,3,1.25380139057159,NA,NA,NA,NA,"No - No Salinity Value","Yes",100
"219","DWR-C09-R",3,37182,37.828171,-121.552721,NA,4.5,3,1.25162916738782,NA,NA,NA,NA,"No - No Salinity Value","Yes",100
"220","DWR-C09-R",4,37182,37.828171,-121.552721,NA,5.23076923076923,2,0.821280941744986,NA,NA,NA,NA,"No - No Salinity Value","Yes",100
"221","DWR-C09-R",0,37214,37.828171,-121.552721,NA,2.30434782608696,8,2.14592566870569,NA,NA,NA,NA,"No - No Salinity Value","Yes",96.3768115942029
"222","DWR-C09-R",2,37214,37.828171,-121.552721,NA,3.38709677419355,7,1.94144496805997,NA,NA,NA,NA,"No - No Salinity Value","Yes",100
"223","DWR-C09-R",3,37214,37.828171,-121.552721,NA,3.35074626865672,8,1.87823645761957,NA,NA,NA,NA,"No - No Salinity Value","Yes",99.502487562189
"224","DWR-C09-R",4,37214,37.828171,-121.552721,NA,2.96073298429319,6,1.417205157127,NA,NA,NA,NA,"No - No Salinity Value","Yes",99.4764397905759
"225","DWR-C09-R",0,37238,37.828171,-121.552721,NA,3,1,0,NA,NA,NA,NA,"No - No Salinity Value","Yes",100
"226","DWR-C09-R",2,37238,37.828171,-121.552721,NA,5.1375,3,0.969409849698032,NA,NA,NA,NA,"No - No Salinity Value","Yes",100
"227","DWR-C09-R",3,37238,37.828171,-121.552721,NA,2.625,2,0.543564443199596,NA,NA,NA,NA,"No - No Salinity Value","Yes",100
"228","DWR-C09-R",4,37238,37.828171,-121.552721,NA,3.69230769230769,3,1.23890125660263,NA,NA,NA,NA,"No - No Salinity Value","Yes",100
"229","DWR-C09-R",0,37271,37.828171,-121.552721,NA,4.64516129032258,3,1.22037563675201,NA,NA,NA,NA,"No - No Salinity Value","Yes",100
"230","DWR-C09-R",2,37271,37.828171,-121.552721,NA,4.71428571428571,2,0.985228136034252,NA,NA,NA,NA,"No - No Salinity Value","Yes",100
"231","DWR-C09-R",3,37271,37.828171,-121.552721,NA,4.05882352941177,4,1.60870016551989,NA,NA,NA,NA,"No - No Salinity Value","Yes",94.1176470588235
"232","DWR-C09-R",4,37271,37.828171,-121.552721,NA,4.5,3,1.24755624891827,NA,NA,NA,NA,"No - No Salinity Value","Yes",100
"233","DWR-C09-R",0,37300,37.828171,-121.552721,NA,4.125,3,1.41973671780348,NA,NA,NA,NA,"No - No Salinity Value","Yes",100
"234","DWR-C09-R",2,37300,37.828171,-121.552721,NA,4.90909090909091,4,1.24330036853896,NA,NA,NA,NA,"No - No Salinity Value","Yes",100
"235","DWR-C09-R",3,37300,37.828171,-121.552721,NA,4.63636363636364,4,1.36338007598026,NA,NA,NA,NA,"No - No Salinity Value","Yes",100
"236","DWR-C09-R",4,37300,37.828171,-121.552721,NA,4.42105263157895,3,1.31243080234794,NA,NA,NA,NA,"No - No Salinity Value","Yes",100
"237","DWR-C09-R",0,37327,37.828171,-121.552721,NA,2.3125,4,1.76171659992537,NA,NA,NA,NA,"No - No Salinity Value","Yes",100
"238","DWR-C09-R",2,37327,37.828171,-121.552721,NA,3,5,2.07937524447726,NA,NA,NA,NA,"No - No Salinity Value","Yes",100
"239","DWR-C09-R",3,37327,37.828171,-121.552721,NA,2.875,5,1.81036263772773,NA,NA,NA,NA,"No - No Salinity Value","Yes",97.9166666666667
"240","DWR-C09-R",4,37327,37.828171,-121.552721,NA,1.8,6,1.75625906716993,NA,NA,NA,NA,"No - No Salinity Value","Yes",98.8888888888889
"241","DWR-C09-R",0,37361,37.828171,-121.552721,NA,0.669230769230769,6,0.955082188547468,NA,NA,NA,NA,"No - No Salinity Value","Yes",99.2307692307692
"242","DWR-C09-R",2,37361,37.828171,-121.552721,NA,0.428571428571429,5,0.69750253279141,NA,NA,NA,NA,"No - No Salinity Value","Yes",99.3788819875776
"243","DWR-C09-R",3,37361,37.828171,-121.552721,NA,0.436363636363636,3,0.527765222781029,NA,NA,NA,NA,"No - No Salinity Value","Yes",100
"244","DWR-C09-R",4,37361,37.828171,-121.552721,NA,0.431654676258993,4,0.644624648533512,NA,NA,NA,NA,"No - No Salinity Value","Yes",100
"245","DWR-C09-R",0,37389,37.828171,-121.552721,NA,0.537433155080214,7,0.897069914472916,NA,NA,NA,NA,"No - No Salinity Value","Yes",99.4652406417112
"246","DWR-C09-R",2,37389,37.828171,-121.552721,NA,0.25,4,0.490644191544247,NA,NA,NA,NA,"No - No Salinity Value","Yes",99.1666666666667
"247","DWR-C09-R",3,37389,37.828171,-121.552721,NA,0.528072837632777,7,0.820449749565147,NA,NA,NA,NA,"No - No Salinity Value","Yes",99.3930197268589
"248","DWR-C09-R",4,37389,37.828171,-121.552721,NA,0.647230320699708,9,0.981496445655418,NA,NA,NA,NA,"No - No Salinity Value","Yes",98.5422740524781
"249","DWR-C09-R",0,37417,37.828171,-121.552721,NA,0.99505766062603,11,1.41874060309941,NA,NA,NA,NA,"No - No Salinity Value","Yes",99.505766062603
"250","DWR-C09-R",2,37417,37.828171,-121.552721,NA,0.889470927187009,9,1.32366571327613,NA,NA,NA,NA,"No - No Salinity Value","Yes",99.4237820848612
"251","DWR-C09-R",3,37417,37.828171,-121.552721,NA,0.879797248370746,7,1.28062877426544,NA,NA,NA,NA,"No - No Salinity Value","Yes",99.637943519189
"252","DWR-C09-R",4,37417,37.828171,-121.552721,NA,1.14389763779528,11,1.49459614513448,NA,NA,NA,NA,"No - No Salinity Value","Yes",99.5669291338583
"253","DWR-C09-R",0,37454,37.828171,-121.552721,NA,3.81428571428571,10,1.89765469082752,NA,NA,NA,NA,"No - No Salinity Value","Yes",98.3673469387755
"254","DWR-C09-R",2,37454,37.828171,-121.552721,NA,5.27272727272727,7,1.0203876842328,NA,NA,NA,NA,"No - No Salinity Value","Yes",93.939393939394
"255","DWR-C09-R",3,37454,37.828171,-121.552721,NA,5.25762711864407,9,1.02476364522039,NA,NA,NA,NA,"No - No Salinity Value","Yes",96.9491525423729
"256","DWR-C09-R",4,37454,37.828171,-121.552721,NA,3.46666666666667,9,2.26387067765992,NA,NA,NA,NA,"No - No Salinity Value","Yes",82.2222222222222
"257","DWR-C09-R",0,37475,37.828171,-121.552721,NA,4.32142857142857,3,1.36211275964871,NA,NA,NA,NA,"No - No Salinity Value","Yes",100
"258","DWR-C09-R",2,37475,37.828171,-121.552721,NA,3.82191780821918,4,1.57394339635392,NA,NA,NA,NA,"No - No Salinity Value","Yes",98.6301369863014
"259","DWR-C09-R",3,37475,37.828171,-121.552721,NA,4.21428571428571,3,1.38468658900292,NA,NA,NA,NA,"No - No Salinity Value","Yes",100
"260","DWR-C09-R",4,37475,37.828171,-121.552721,NA,3.55102040816327,3,1.54821564233954,NA,NA,NA,NA,"No - No Salinity Value","Yes",100
"261","DWR-C09-R",0,37508,37.828171,-121.552721,NA,4.26470588235294,7,1.74149079461748,NA,NA,NA,NA,"No - No Salinity Value","Yes",98.0392156862745
"262","DWR-C09-R",2,37508,37.828171,-121.552721,NA,4.52238805970149,5,1.38757657063443,NA,NA,NA,NA,"No - No Salinity Value","Yes",97.0149253731343
"263","DWR-C09-R",3,37508,37.828171,-121.552721,NA,4.8448275862069,6,1.42354594441678,NA,NA,NA,NA,"No - No Salinity Value","Yes",94.2528735632184
"264","DWR-C09-R",4,37508,37.828171,-121.552721,NA,4.93373493975904,6,1.19234131867532,NA,NA,NA,NA,"No - No Salinity Value","Yes",96.3855421686747
"265","DWR-C09-R",0,37552,37.828171,-121.552721,NA,4.92,2,0.942683189255492,NA,NA,NA,NA,"No - No Salinity Value","Yes",100
"266","DWR-C09-R",2,37552,37.828171,-121.552721,NA,4.85714285714286,2,0.958711882977132,NA,NA,NA,NA,"No - No Salinity Value","Yes",100
"267","DWR-C09-R",3,37552,37.828171,-121.552721,NA,4.96551724137931,3,1.04975472279146,NA,NA,NA,NA,"No - No Salinity Value","Yes",96.551724137931
"268","DWR-C09-R",4,37552,37.828171,-121.552721,NA,4.53846153846154,3,1.13859365015431,NA,NA,NA,NA,"No - No Salinity Value","Yes",97.4358974358974
"269","DWR-C09-R",0,37579,37.828171,-121.552721,NA,5.57142857142857,2,0.591672778582327,NA,NA,NA,NA,"No - No Salinity Value","Yes",100
"270","DWR-C09-R",2,37579,37.828171,-121.552721,NA,5.625,2,0.543564443199596,NA,NA,NA,NA,"No - No Salinity Value","Yes",100
"271","DWR-C09-R",3,37579,37.828171,-121.552721,NA,5.31325301204819,5,0.926449301389522,NA,NA,NA,NA,"No - No Salinity Value","Yes",98.7951807228916
"272","DWR-C09-R",4,37579,37.828171,-121.552721,NA,5.57142857142857,2,0.591672778582327,NA,NA,NA,NA,"No - No Salinity Value","Yes",100
"273","DWR-C09-R",0,37594,37.828171,-121.552721,NA,4.92307692307692,3,1.04871035526424,NA,NA,NA,NA,"No - No Salinity Value","Yes",97.4358974358974
"274","DWR-C09-R",2,37594,37.828171,-121.552721,NA,5.61290322580645,3,0.547553154980007,NA,NA,NA,NA,"No - No Salinity Value","Yes",100
"275","DWR-C09-R",3,37594,37.828171,-121.552721,NA,4.75,2,0.979868756651153,NA,NA,NA,NA,"No - No Salinity Value","Yes",100
"276","DWR-C09-R",4,37594,37.828171,-121.552721,NA,5.109375,4,1.00517132870349,NA,NA,NA,NA,"No - No Salinity Value","Yes",98.4375
"277","DWR-C09-R",0,37642,37.828171,-121.552721,NA,4.21875,4,1.33729006661701,NA,NA,NA,NA,"No - No Salinity Value","Yes",96.875
"278","DWR-C09-R",2,37642,37.828171,-121.552721,NA,4.92857142857143,3,1.06768982364946,NA,NA,NA,NA,"No - No Salinity Value","Yes",100
"279","DWR-C09-R",3,37642,37.828171,-121.552721,NA,4.40322580645161,3,1.17333444366895,NA,NA,NA,NA,"No - No Salinity Value","Yes",100
"280","DWR-C09-R",4,37642,37.828171,-121.552721,NA,5.4,3,0.772558571308465,NA,NA,NA,NA,"No - No Salinity Value","Yes",100
"281","DWR-C09-R",0,37673,37.828171,-121.552721,NA,3.14285714285714,4,1.74237739936235,NA,NA,NA,NA,"No - No Salinity Value","Yes",100
"282","DWR-C09-R",2,37673,37.828171,-121.552721,NA,3.75,4,1.43666648191669,NA,NA,NA,NA,"No - No Salinity Value","Yes",95
"283","DWR-C09-R",3,37673,37.828171,-121.552721,NA,4.09090909090909,4,1.42915263727341,NA,NA,NA,NA,"No - No Salinity Value","Yes",100
"284","DWR-C09-R",4,37673,37.828171,-121.552721,NA,4.42105263157895,2,0.9980008838723,NA,NA,NA,NA,"No - No Salinity Value","Yes",100
"285","DWR-C09-R",0,37698,37.828171,-121.552721,NA,3.8671875,6,1.74617375492992,NA,NA,NA,NA,"No - No Salinity Value","Yes",100
"286","DWR-C09-R",2,37698,37.828171,-121.552721,NA,3.6,5,1.69899245411514,NA,NA,NA,NA,"No - No Salinity Value","Yes",100
"287","DWR-C09-R",3,37698,37.828171,-121.552721,NA,3.57142857142857,7,1.93201312085913,NA,NA,NA,NA,"No - No Salinity Value","Yes",96.8253968253968
"288","DWR-C09-R",4,37698,37.828171,-121.552721,NA,3.79787234042553,5,1.63458503131319,NA,NA,NA,NA,"No - No Salinity Value","Yes",98.936170212766
"289","DWR-C09-R",0,37727,37.828171,-121.552721,NA,1.04198473282443,10,1.64380936669857,NA,NA,NA,NA,"No - No Salinity Value","Yes",93.8931297709924
"290","DWR-C09-R",2,37727,37.828171,-121.552721,NA,1.07608695652174,8,1.603233543511,NA,NA,NA,NA,"No - No Salinity Value","Yes",95.6521739130435
"291","DWR-C09-R",3,37727,37.828171,-121.552721,NA,1.19117647058824,6,1.40680170922501,NA,NA,NA,NA,"No - No Salinity Value","Yes",97.0588235294118
"292","DWR-C09-R",4,37727,37.828171,-121.552721,NA,1.43478260869565,6,1.55975774364802,NA,NA,NA,NA,"No - No Salinity Value","Yes",95.6521739130435
"293","DWR-C09-R",0,37755,37.828171,-121.552721,NA,1.29310344827586,13,1.65655637902452,NA,NA,NA,NA,"No - No Salinity Value","Yes",95.6112852664577
"294","DWR-C09-R",2,37755,37.828171,-121.552721,NA,1.08552631578947,11,1.43145363920447,NA,NA,NA,NA,"No - No Salinity Value","Yes",97.1804511278196
"295","DWR-C09-R",3,37755,37.828171,-121.552721,NA,1.19392917369309,12,1.4191941080135,NA,NA,NA,NA,"No - No Salinity Value","Yes",97.9763912310287
"296","DWR-C09-R",4,37755,37.828171,-121.552721,NA,1.26923076923077,16,1.77976594461341,NA,NA,NA,NA,"No - No Salinity Value","Yes",94.5241199478488
"297","DWR-C09-R",0,37775,37.828171,-121.552721,NA,1.06442021803766,16,1.21954156960693,NA,NA,NA,NA,"No - No Salinity Value","Yes",98.9593657086224
"298","DWR-C09-R",2,37775,37.828171,-121.552721,NA,1.21716357775987,14,1.14919294158212,NA,NA,NA,NA,"No - No Salinity Value","Yes",99.3150684931507
"299","DWR-C09-R",3,37775,37.828171,-121.552721,NA,1.08171603677222,14,1.22725315344098,NA,NA,NA,NA,"No - No Salinity Value","Yes",99.3360572012257
"300","DWR-C09-R",4,37775,37.828171,-121.552721,NA,0.652017783857729,19,1.01426414443081,NA,NA,NA,NA,"No - No Salinity Value","Yes",99.1792065663475
"301","DWR-C09-R",0,37817,37.828171,-121.552721,NA,1.609375,5,1.64710330251749,NA,NA,NA,NA,"No - No Salinity Value","Yes",100
"302","DWR-C09-R",2,37817,37.828171,-121.552721,NA,2.11607142857143,7,1.7088547013433,NA,NA,NA,NA,"No - No Salinity Value","Yes",99.7767857142857
"303","DWR-C09-R",3,37817,37.828171,-121.552721,NA,2.02293577981651,6,1.6329878259317,NA,NA,NA,NA,"No - No Salinity Value","Yes",100
"304","DWR-C09-R",4,37817,37.828171,-121.552721,NA,1.98320158102767,6,1.58642007327487,NA,NA,NA,NA,"No - No Salinity Value","Yes",100
"305","DWR-C09-R",0,37845,37.828171,-121.552721,NA,3.6,4,1.70558726169826,NA,NA,NA,NA,"No - No Salinity Value","Yes",93.3333333333333
"306","DWR-C09-R",2,37845,37.828171,-121.552721,NA,4.92857142857143,3,1.07728004000742,NA,NA,NA,NA,"No - No Salinity Value","Yes",100
"307","DWR-C09-R",3,37845,37.828171,-121.552721,NA,5.45454545454546,2,0.684038435639042,NA,NA,NA,NA,"No - No Salinity Value","Yes",100
"308","DWR-C09-R",4,37845,37.828171,-121.552721,NA,4.2972972972973,4,1.47182056337586,NA,NA,NA,NA,"No - No Salinity Value","Yes",97.2972972972973
"309","DWR-C09-R",0,37889,37.828171,-121.552721,NA,5.91666666666667,2,0.183122068301373,NA,NA,NA,NA,"No - No Salinity Value","Yes",100
"310","DWR-C09-R",2,37889,37.828171,-121.552721,NA,5.81818181818182,2,0.329846070207146,NA,NA,NA,NA,"No - No Salinity Value","Yes",100
"311","DWR-C09-R",3,37889,37.828171,-121.552721,NA,5.5,2,0.650022421648354,NA,NA,NA,NA,"No - No Salinity Value","Yes",100
"312","DWR-C09-R",4,37889,37.828171,-121.552721,NA,5.72727272727273,2,0.439496986921513,NA,NA,NA,NA,"No - No Salinity Value","Yes",100
"313","DWR-C09-R",0,37916,37.828171,-121.552721,NA,5.55223880597015,2,0.607969612006072,NA,NA,NA,NA,"No - No Salinity Value","Yes",100
"314","DWR-C09-R",2,37916,37.828171,-121.552721,NA,5.08695652173913,3,0.969549870242169,NA,NA,NA,NA,"No - No Salinity Value","Yes",100
"315","DWR-C09-R",3,37916,37.828171,-121.552721,NA,5.88461538461538,2,0.235193381819241,NA,NA,NA,NA,"No - No Salinity Value","Yes",100
"316","DWR-C09-R",4,37916,37.828171,-121.552721,NA,5.36363636363636,2,0.745517842810828,NA,NA,NA,NA,"No - No Salinity Value","Yes",100
"317","DWR-C09-R",0,37993,37.828171,-121.552721,NA,3.6,2,0.721928094887362,NA,NA,NA,NA,"No - No Salinity Value","Yes",100
"318","DWR-C09-R",2,37993,37.828171,-121.552721,NA,4.88888888888889,2,0.950956048454973,NA,NA,NA,NA,"No - No Salinity Value","Yes",100
"319","DWR-C09-R",3,37993,37.828171,-121.552721,NA,4.125,2,0.954434002924965,NA,NA,NA,NA,"No - No Salinity Value","Yes",100
"320","DWR-C09-R",4,37993,37.828171,-121.552721,NA,4,3,1.23095956311401,NA,NA,NA,NA,"No - No Salinity Value","Yes",100
"321","DWR-C09-R",0,38083,37.828171,-121.552721,NA,3.9,2,0.881290899230693,NA,NA,NA,NA,"No - No Salinity Value","Yes",100
"322","DWR-C09-R",2,38083,37.828171,-121.552721,NA,4.3125,2,0.988699408288497,NA,NA,NA,NA,"No - No Salinity Value","Yes",100
"323","DWR-C09-R",3,38083,37.828171,-121.552721,NA,2.53846153846154,2,0.619382194678764,NA,NA,NA,NA,"No - No Salinity Value","Yes",100
"324","DWR-C09-R",4,38083,37.828171,-121.552721,NA,2.68965517241379,4,1.31304686152938,NA,NA,NA,NA,"No - No Salinity Value","Yes",96.551724137931
"325","DWR-C09-R",0,38182,37.828171,-121.552721,NA,2.60795454545455,5,1.91088488123763,NA,NA,NA,NA,"No - No Salinity Value","Yes",100
"326","DWR-C09-R",2,38182,37.828171,-121.552721,NA,3.64150943396226,5,1.66141235706623,NA,NA,NA,NA,"No - No Salinity Value","Yes",100
"327","DWR-C09-R",3,38182,37.828171,-121.552721,NA,2.40634441087613,9,2.07202354541179,NA,NA,NA,NA,"No - No Salinity Value","Yes",99.3957703927492
"328","DWR-C09-R",4,38182,37.828171,-121.552721,NA,2.71964856230032,9,2.14117561372328,NA,NA,NA,NA,"No - No Salinity Value","Yes",99.5207667731629
"329","DWR-C09-R",0,38285,37.828171,-121.552721,NA,5.625,2,0.543564443199596,NA,NA,NA,NA,"No - No Salinity Value","Yes",100
"330","DWR-C09-R",2,38285,37.828171,-121.552721,NA,5.08695652173913,3,1.06661521673845,NA,NA,NA,NA,"No - No Salinity Value","Yes",100
"331","DWR-C09-R",3,38285,37.828171,-121.552721,NA,5.63636363636364,2,0.532835063034223,NA,NA,NA,NA,"No - No Salinity Value","Yes",100
"332","DWR-C09-R",4,38285,37.828171,-121.552721,NA,5.625,2,0.543564443199596,NA,NA,NA,NA,"No - No Salinity Value","Yes",100
"333","DWR-C09-R",0,38362,37.828171,-121.552721,NA,5.4375,3,0.668564443199596,NA,NA,NA,NA,"No - No Salinity Value","Yes",93.75
"334","DWR-C09-R",2,38362,37.828171,-121.552721,NA,5.77777777777778,2,0.38094658570539,NA,NA,NA,NA,"No - No Salinity Value","Yes",100
"335","DWR-C09-R",3,38362,37.828171,-121.552721,NA,5.60869565217391,2,0.558629373452199,NA,NA,NA,NA,"No - No Salinity Value","Yes",100
"336","DWR-C09-R",4,38362,37.828171,-121.552721,NA,5.6875,2,0.482066148083093,NA,NA,NA,NA,"No - No Salinity Value","Yes",100
"337","DWR-C09-R",0,38453,37.828171,-121.552721,NA,3.02586206896552,9,2.08498911708328,NA,NA,NA,NA,"No - No Salinity Value","With Care",64.6551724137931
"338","DWR-C09-R",2,38453,37.828171,-121.552721,NA,4.046875,9,1.79026834826284,NA,NA,NA,NA,"No - No Salinity Value","Yes",80.2083333333333
"339","DWR-C09-R",3,38453,37.828171,-121.552721,NA,3.47938144329897,8,1.86469958761763,NA,NA,NA,NA,"No - No Salinity Value","With Care",75.2577319587629
"340","DWR-C09-R",4,38453,37.828171,-121.552721,NA,4.10679611650485,8,1.78398641005964,NA,NA,NA,NA,"No - No Salinity Value","With Care",78.6407766990291
"341","DWR-C09-R",0,38551,37.828171,-121.552721,NA,3.35029940119761,9,1.836292727881,NA,NA,NA,NA,"No - No Salinity Value","Yes",98.5029940119761
"342","DWR-C09-R",2,38551,37.828171,-121.552721,NA,4.61881188118812,8,1.28630502119231,NA,NA,NA,NA,"No - No Salinity Value","Yes",99.8349834983498
"343","DWR-C09-R",3,38551,37.828171,-121.552721,NA,4.49237288135593,7,1.37352705026059,NA,NA,NA,NA,"No - No Salinity Value","Yes",99.8305084745763
"344","DWR-C09-R",4,38551,37.828171,-121.552721,NA,4.2495164410058,6,1.42093164969164,NA,NA,NA,NA,"No - No Salinity Value","Yes",99.7421018697614
"345","DWR-C09-R",0,38637,37.828171,-121.552721,NA,4.61170212765957,7,1.5283355662351,NA,NA,NA,NA,"No - No Salinity Value","Yes",93.0851063829787
"346","DWR-C09-R",2,38637,37.828171,-121.552721,NA,5.23170731707317,6,1.10655814691002,NA,NA,NA,NA,"No - No Salinity Value","Yes",96.3414634146342
"347","DWR-C09-R",3,38637,37.828171,-121.552721,NA,4.833984375,9,1.35745646208033,NA,NA,NA,NA,"No - No Salinity Value","Yes",97.265625
"348","DWR-C09-R",4,38637,37.828171,-121.552721,NA,4.2,9,1.55052242225186,NA,NA,NA,NA,"No - No Salinity Value","Yes",95.8139534883721
"349","DWR-C09-R",0,38664,37.828171,-121.552721,NA,4.56382978723404,8,1.75834917416309,NA,NA,NA,NA,"No - No Salinity Value","Yes",94.1489361702128
"350","DWR-C09-R",2,38664,37.828171,-121.552721,NA,5.20454545454546,7,1.2058275100433,NA,NA,NA,NA,"No - No Salinity Value","Yes",98.4848484848485
"351","DWR-C09-R",3,38664,37.828171,-121.552721,NA,5.28915662650603,9,1.11391634929586,NA,NA,NA,NA,"No - No Salinity Value","Yes",96.7871485943775
"352","DWR-C09-R",4,38664,37.828171,-121.552721,NA,5.09859154929577,7,1.26732829733648,NA,NA,NA,NA,"No - No Salinity Value","Yes",99.0610328638498
"353","DWR-C09-R",0,38692,37.828171,-121.552721,NA,5.42965779467681,6,0.855151734068208,NA,NA,NA,NA,"No - No Salinity Value","Yes",98.4790874524715
"354","DWR-C09-R",2,38692,37.828171,-121.552721,NA,5.18774703557312,9,1.14288806261998,NA,NA,NA,NA,"No - No Salinity Value","Yes",98.0237154150198
"355","DWR-C09-R",3,38692,37.828171,-121.552721,NA,5.16666666666667,8,1.13841340395649,NA,NA,NA,NA,"No - No Salinity Value","Yes",96.7592592592593
"356","DWR-C09-R",4,38692,37.828171,-121.552721,NA,4.86472602739726,9,1.49282945060075,NA,NA,NA,NA,"No - No Salinity Value","Yes",99.3150684931507
"357","DWR-C09-R",0,38728,37.828171,-121.552721,NA,5.16666666666667,9,1.04338357529001,NA,NA,NA,NA,"No - No Salinity Value","Yes",91.8518518518519
"358","DWR-C09-R",2,38728,37.828171,-121.552721,NA,5.16751918158568,13,1.18834706228354,NA,NA,NA,NA,"No - No Salinity Value","Yes",94.6291560102302
"359","DWR-C09-R",3,38728,37.828171,-121.552721,NA,4.96916299559471,11,1.29056372309104,NA,NA,NA,NA,"No - No Salinity Value","Yes",89.8678414096916
"360","DWR-C09-R",4,38728,37.828171,-121.552721,NA,5.11134453781513,11,1.20620621736201,NA,NA,NA,NA,"No - No Salinity Value","Yes",93.6974789915966
"361","DWR-C09-R",0,38755,37.828171,-121.552721,NA,4.30487804878049,10,1.85328813142911,NA,NA,NA,NA,"No - No Salinity Value","Yes",89.0243902439024
"362","DWR-C09-R",2,38755,37.828171,-121.552721,NA,4.30876494023904,11,1.81630394700543,NA,NA,NA,NA,"No - No Salinity Value","Yes",88.8446215139442
"363","DWR-C09-R",3,38755,37.828171,-121.552721,NA,4.83279742765273,12,1.51931653523774,NA,NA,NA,NA,"No - No Salinity Value","Yes",95.4983922829582
"364","DWR-C09-R",4,38755,37.828171,-121.552721,NA,5.05247524752475,15,1.34879595878417,NA,NA,NA,NA,"No - No Salinity Value","Yes",92.2772277227723
"365","DWR-C09-R",0,38790,37.828171,-121.552721,NA,4.78521126760563,11,1.8491576498734,NA,NA,NA,NA,"No - No Salinity Value","Yes",98.3568075117371
"366","DWR-C09-R",2,38790,37.828171,-121.552721,NA,4.75292740046838,10,1.86309996892375,NA,NA,NA,NA,"No - No Salinity Value","Yes",98.8290398126464
"367","DWR-C09-R",3,38790,37.828171,-121.552721,NA,4.75568181818182,11,1.81137312194892,NA,NA,NA,NA,"No - No Salinity Value","Yes",95.1704545454545
"368","DWR-C09-R",4,38790,37.828171,-121.552721,NA,4.75217391304348,12,1.73947554705414,NA,NA,NA,NA,"No - No Salinity Value","Yes",96.5217391304348
"369","DWR-C09-R",0,38834,37.828171,-121.552721,NA,5.60481586402266,12,0.787135757167804,NA,NA,NA,NA,"No - No Salinity Value","Yes",98.5835694050992
"370","DWR-C09-R",2,38834,37.828171,-121.552721,NA,5.48924731182796,15,0.907525632045179,NA,NA,NA,NA,"No - No Salinity Value","Yes",97.3118279569892
"371","DWR-C09-R",3,38834,37.828171,-121.552721,NA,5.67593790426908,17,0.749935780304615,NA,NA,NA,NA,"No - No Salinity Value","Yes",98.3182406209573
"372","DWR-C09-R",4,38834,37.828171,-121.552721,NA,5.63324175824176,15,0.83634363805505,NA,NA,NA,NA,"No - No Salinity Value","Yes",98.9010989010989
"373","DWR-C09-R",0,38861,37.828171,-121.552721,NA,5.10438413361169,6,0.880236854013067,NA,NA,NA,NA,"No - No Salinity Value","Yes",97.4947807933194
"374","DWR-C09-R",2,38861,37.828171,-121.552721,NA,4.99822852081488,16,1.04088129665144,NA,NA,NA,NA,"No - No Salinity Value","Yes",97.4313551815766
"375","DWR-C09-R",3,38861,37.828171,-121.552721,NA,4.9005,17,1.10300124784243,NA,NA,NA,NA,"No - No Salinity Value","Yes",96.6
"376","DWR-C09-R",4,38861,37.828171,-121.552721,NA,5.10648148148148,15,0.989979517880705,NA,NA,NA,NA,"No - No Salinity Value","Yes",97.2993827160494
"377","DWR-C09-R",0,38875,37.828171,-121.552721,NA,4.95299145299145,9,1.12213826893587,NA,NA,NA,NA,"No - No Salinity Value","Yes",98.005698005698
"378","DWR-C09-R",2,38875,37.828171,-121.552721,NA,4.48743016759777,12,1.43906927614158,NA,NA,NA,NA,"No - No Salinity Value","Yes",98.1843575418994
"379","DWR-C09-R",3,38875,37.828171,-121.552721,NA,4.37030995106036,13,1.58415311598533,NA,NA,NA,NA,"No - No Salinity Value","Yes",96.7373572593801
"380","DWR-C09-R",4,38875,37.828171,-121.552721,NA,4.59956474428727,11,1.41920939789106,NA,NA,NA,NA,"No - No Salinity Value","Yes",96.9532100108814
"381","DWR-C09-R",0,38909,37.828171,-121.552721,NA,4.77725118483412,10,1.23058470845093,NA,NA,NA,NA,"No - No Salinity Value","Yes",98.3412322274882
"382","DWR-C09-R",2,38909,37.828171,-121.552721,NA,4.67875647668394,8,1.15830310654062,NA,NA,NA,NA,"No - No Salinity Value","Yes",97.9274611398964
"383","DWR-C09-R",3,38909,37.828171,-121.552721,NA,4.86083499005964,10,1.03561958313572,NA,NA,NA,NA,"No - No Salinity Value","Yes",97.6143141153081
"384","DWR-C09-R",4,38909,37.828171,-121.552721,NA,4.9237668161435,8,0.970577470331932,NA,NA,NA,NA,"No - No Salinity Value","Yes",98.9536621823617
"385","DWR-C09-R",0,38940,37.828171,-121.552721,NA,5.81632653061224,3,0.286838904750944,NA,NA,NA,NA,"No - No Salinity Value","Yes",97.9591836734694
"386","DWR-C09-R",2,38940,37.828171,-121.552721,NA,5.84615384615384,2,0.291818256598886,NA,NA,NA,NA,"No - No Salinity Value","Yes",100
"387","DWR-C09-R",3,38940,37.828171,-121.552721,NA,5.90769230769231,3,0.229004194866997,NA,NA,NA,NA,"No - No Salinity Value","Yes",100
"388","DWR-C09-R",4,38940,37.828171,-121.552721,NA,5.96928327645051,2,0.0823728148096388,NA,NA,NA,NA,"No - No Salinity Value","Yes",100
"389","DWR-C09-R",0,38981,37.828171,-121.552721,NA,5.65116279069767,3,0.521949079404629,NA,NA,NA,NA,"No - No Salinity Value","Yes",100
"390","DWR-C09-R",2,38981,37.828171,-121.552721,NA,5.4,3,0.568995593589281,NA,NA,NA,NA,"No - No Salinity Value","Yes",95
"391","DWR-C09-R",3,38981,37.828171,-121.552721,NA,5.1,3,0.981591260127726,NA,NA,NA,NA,"No - No Salinity Value","Yes",96.6666666666667
"392","DWR-C09-R",4,38981,37.828171,-121.552721,NA,4.96153846153846,3,1.07273728622321,NA,NA,NA,NA,"No - No Salinity Value","Yes",100
"393","DWR-C09-R",0,39016,37.828171,-121.552721,NA,5.89655172413793,3,0.180894880082008,NA,NA,NA,NA,"No - No Salinity Value","Yes",100
"394","DWR-C09-R",2,39016,37.828171,-121.552721,NA,5.59677419354839,9,0.741333482661756,NA,NA,NA,NA,"No - No Salinity Value","Yes",97.8494623655914
"395","DWR-C09-R",3,39016,37.828171,-121.552721,NA,5.88,2,0.242292189082415,NA,NA,NA,NA,"No - No Salinity Value","Yes",100
"396","DWR-C09-R",4,39016,37.828171,-121.552721,NA,5.77142857142857,3,0.39280418692691,NA,NA,NA,NA,"No - No Salinity Value","Yes",100
"397","DWR-C09-R",0,39042,37.828171,-121.552721,NA,6,1,0,NA,NA,NA,NA,"No - No Salinity Value","Yes",100
"398","DWR-C09-R",2,39042,37.828171,-121.552721,NA,5.75,2,0.413816850303634,NA,NA,NA,NA,"No - No Salinity Value","Yes",100
"399","DWR-C09-R",3,39042,37.828171,-121.552721,NA,6,1,0,NA,NA,NA,NA,"No - No Salinity Value","Yes",100
"400","DWR-C09-R",4,39042,37.828171,-121.552721,NA,5.53846153846154,3,0.621904141629119,NA,NA,NA,NA,"No - No Salinity Value","Yes",96.1538461538461
"401","DWR-C09-R",0,39072,37.828171,-121.552721,NA,6,1,0,NA,NA,NA,NA,"No - No Salinity Value","Yes",100
"402","DWR-C09-R",2,39072,37.828171,-121.552721,NA,5.82,3,0.282292189082415,NA,NA,NA,NA,"No - No Salinity Value","Yes",100
"403","DWR-C09-R",3,39072,37.828171,-121.552721,NA,5.59090909090909,2,0.574635697837679,NA,NA,NA,NA,"No - No Salinity Value","Yes",100
"404","DWR-C09-R",4,39072,37.828171,-121.552721,NA,5.82203389830508,3,0.359846980131428,NA,NA,NA,NA,"No - No Salinity Value","Yes",100
"405","DWR-C09-R",0,39104,37.828171,-121.552721,NA,6,1,0,NA,NA,NA,NA,"No - No Salinity Value","Yes",100
"406","DWR-C09-R",2,39104,37.828171,-121.552721,NA,5.6,2,0.566509506552905,NA,NA,NA,NA,"No - No Salinity Value","Yes",100
"407","DWR-C09-R",3,39104,37.828171,-121.552721,NA,5.55555555555556,2,0.605186576633421,NA,NA,NA,NA,"No - No Salinity Value","Yes",100
"408","DWR-C09-R",4,39104,37.828171,-121.552721,NA,5.79452054794521,3,0.350878325731289,NA,NA,NA,NA,"No - No Salinity Value","Yes",100
"409","DWR-C09-R",0,39134,37.828171,-121.552721,NA,5.33333333333333,4,0.945169609119616,NA,NA,NA,NA,"No - No Salinity Value","Yes",96.2962962962963
"410","DWR-C09-R",2,39134,37.828171,-121.552721,NA,4.70547945205479,3,1.0341420855598,NA,NA,NA,NA,"No - No Salinity Value","Yes",99.3150684931507
"411","DWR-C09-R",3,39134,37.828171,-121.552721,NA,5,2,0.91829583405449,NA,NA,NA,NA,"No - No Salinity Value","Yes",100
"412","DWR-C09-R",4,39134,37.828171,-121.552721,NA,4.73469387755102,3,1.06158403288916,NA,NA,NA,NA,"No - No Salinity Value","Yes",100
"413","DWR-C09-R",0,39160,37.828171,-121.552721,NA,3.97058823529412,4,1.49752588798652,NA,NA,NA,NA,"No - No Salinity Value","Yes",100
"414","DWR-C09-R",2,39160,37.828171,-121.552721,NA,3.9873417721519,3,1.00461241887324,NA,NA,NA,NA,"No - No Salinity Value","Yes",100
"415","DWR-C09-R",3,39160,37.828171,-121.552721,NA,4.45,4,1.27195051653572,NA,NA,NA,NA,"No - No Salinity Value","Yes",98.3333333333333
"416","DWR-C09-R",4,39160,37.828171,-121.552721,NA,4.3125,4,1.24857509181848,NA,NA,NA,NA,"No - No Salinity Value","Yes",100
"417","DWR-C09-R",0,39189,37.828171,-121.552721,NA,3,6,1.80237022909279,NA,NA,NA,NA,"No - No Salinity Value","Yes",96.3414634146341
"418","DWR-C09-R",2,39189,37.828171,-121.552721,NA,2.6218487394958,4,1.89776518269318,NA,NA,NA,NA,"No - No Salinity Value","Yes",100
"419","DWR-C09-R",3,39189,37.828171,-121.552721,NA,2.27335640138408,9,2.07860020210613,NA,NA,NA,NA,"No - No Salinity Value","Yes",94.1176470588235
"420","DWR-C09-R",4,39189,37.828171,-121.552721,NA,2.80674846625767,10,2.23461297979626,NA,NA,NA,NA,"No - No Salinity Value","Yes",92.9447852760736
"421","DWR-C09-R",0,39217,37.828171,-121.552721,NA,1.9,4,1.52472319619091,NA,NA,NA,NA,"No - No Salinity Value","Yes",100
"422","DWR-C09-R",2,39217,37.828171,-121.552721,NA,2.1,10,1.97209573318327,NA,NA,NA,NA,"No - No Salinity Value","Yes",95.5102040816327
"423","DWR-C09-R",3,39217,37.828171,-121.552721,NA,2.08088235294118,8,2.05760284993748,NA,NA,NA,NA,"No - No Salinity Value","Yes",94.1176470588235
"424","DWR-C09-R",4,39217,37.828171,-121.552721,NA,2.05952380952381,9,2.11287634094163,NA,NA,NA,NA,"No - No Salinity Value","Yes",93.6507936507936
"425","DWR-C09-R",0,39252,37.828171,-121.552721,NA,4.76910299003322,10,1.12814971868151,NA,NA,NA,NA,"No - No Salinity Value","Yes",97.6744186046512
"426","DWR-C09-R",2,39252,37.828171,-121.552721,NA,4.79126213592233,13,1.3314966448599,NA,NA,NA,NA,"No - No Salinity Value","Yes",96.655879180151
"427","DWR-C09-R",3,39252,37.828171,-121.552721,NA,4.62388059701493,14,1.35255725491981,NA,NA,NA,NA,"No - No Salinity Value","Yes",95.6218905472637
"428","DWR-C09-R",4,39252,37.828171,-121.552721,NA,4.51013513513514,8,1.29147101177594,NA,NA,NA,NA,"No - No Salinity Value","Yes",96.9594594594595
"429","DWR-C09-R",0,39280,37.828171,-121.552721,NA,5.67040358744395,6,0.562688924137521,NA,NA,NA,NA,"No - No Salinity Value","Yes",99.5515695067265
"430","DWR-C09-R",2,39280,37.828171,-121.552721,NA,5.86075949367089,3,0.261948279767608,NA,NA,NA,NA,"No - No Salinity Value","Yes",100
"431","DWR-C09-R",3,39280,37.828171,-121.552721,NA,5.72549019607843,4,0.476154159841964,NA,NA,NA,NA,"No - No Salinity Value","Yes",100
"432","DWR-C09-R",4,39280,37.828171,-121.552721,NA,5.67256637168142,6,0.520142259456589,NA,NA,NA,NA,"No - No Salinity Value","Yes",100
"433","DWR-C09-R",0,39308,37.828171,-121.552721,NA,5.78164556962025,5,0.38034586840323,NA,NA,NA,NA,"No - No Salinity Value","Yes",99.6835443037975
"434","DWR-C09-R",2,39308,37.828171,-121.552721,NA,5.81550802139037,5,0.358176859960067,NA,NA,NA,NA,"No - No Salinity Value","Yes",100
"435","DWR-C09-R",3,39308,37.828171,-121.552721,NA,5.90322580645161,4,0.173590135296432,NA,NA,NA,NA,"No - No Salinity Value","Yes",100
"436","DWR-C09-R",4,39308,37.828171,-121.552721,NA,5.88214285714286,4,0.22621381850282,NA,NA,NA,NA,"No - No Salinity Value","Yes",100
"437","DWR-C09-R",0,39337,37.828171,-121.552721,NA,5.74886877828054,4,0.499701737347624,NA,NA,NA,NA,"No - No Salinity Value","Yes",100
"438","DWR-C09-R",2,39337,37.828171,-121.552721,NA,5.8871473354232,5,0.250353520890955,NA,NA,NA,NA,"No - No Salinity Value","Yes",100
"439","DWR-C09-R",3,39337,37.828171,-121.552721,NA,5.78389830508474,4,0.429597765530998,NA,NA,NA,NA,"No - No Salinity Value","Yes",100
"440","DWR-C09-R",4,39337,37.828171,-121.552721,NA,5.80978260869565,5,0.425943128777716,NA,NA,NA,NA,"No - No Salinity Value","Yes",100
"441","DWR-C09-R",0,39359,37.828171,-121.552721,NA,5.86036036036036,6,0.309037939682305,NA,NA,NA,NA,"No - No Salinity Value","Yes",99.3993993993994
"442","DWR-C09-R",2,39359,37.828171,-121.552721,NA,5.88607594936709,4,0.250740622025358,NA,NA,NA,NA,"No - No Salinity Value","Yes",99.3670886075949
"443","DWR-C09-R",3,39359,37.828171,-121.552721,NA,5.50961538461538,10,0.867955259583806,NA,NA,NA,NA,"No - No Salinity Value","Yes",99.1758241758242
"444","DWR-C09-R",4,39359,37.828171,-121.552721,NA,5.88127413127413,8,0.287914994448543,NA,NA,NA,NA,"No - No Salinity Value","Yes",99.6138996138996
"445","DWR-C09-R",0,39392,37.828171,-121.552721,NA,5.39160839160839,7,0.905775839482633,NA,NA,NA,NA,"No - No Salinity Value","Yes",99.3006993006993
"446","DWR-C09-R",2,39392,37.828171,-121.552721,NA,4.809963099631,11,1.73089314699181,NA,NA,NA,NA,"No - No Salinity Value","Yes",91.8819188191882
"447","DWR-C09-R",3,39392,37.828171,-121.552721,NA,5.07,10,1.40002013746742,NA,NA,NA,NA,"No - No Salinity Value","Yes",96.6666666666667
"448","DWR-C09-R",4,39392,37.828171,-121.552721,NA,5.08455882352941,11,1.3790007593874,NA,NA,NA,NA,"No - No Salinity Value","Yes",93.75
"449","DWR-C09-R",0,39427,37.828171,-121.552721,NA,4.14425427872861,12,2.03274070153586,NA,NA,NA,NA,"No - No Salinity Value","Yes",94.3765281173594
"450","DWR-C09-R",2,39427,37.828171,-121.552721,NA,4.625,8,1.75302366309775,NA,NA,NA,NA,"No - No Salinity Value","Yes",94.6969696969697
"451","DWR-C09-R",3,39427,37.828171,-121.552721,NA,5.47358490566038,11,0.889247717401886,NA,NA,NA,NA,"No - No Salinity Value","Yes",97.7358490566038
"452","DWR-C09-R",4,39427,37.828171,-121.552721,NA,4.79425837320574,12,1.75288483270831,NA,NA,NA,NA,"No - No Salinity Value","Yes",95.6937799043062
"453","DWR-C09-R",0,39456,37.828171,-121.552721,NA,5.65326633165829,5,0.545363753949,NA,NA,NA,NA,"No - No Salinity Value","Yes",99.2462311557789
"454","DWR-C09-R",2,39456,37.828171,-121.552721,NA,5.9390243902439,3,0.133084460938364,NA,NA,NA,NA,"No - No Salinity Value","Yes",99.5934959349593
"455","DWR-C09-R",3,39456,37.828171,-121.552721,NA,5.66341463414634,9,0.629221129384725,NA,NA,NA,NA,"No - No Salinity Value","Yes",98.5365853658537
"456","DWR-C09-R",4,39456,37.828171,-121.552721,NA,5.7906976744186,3,0.35107535110458,NA,NA,NA,NA,"No - No Salinity Value","Yes",100
"457","DWR-C09-R",0,39485,37.828171,-121.552721,NA,4.97058823529412,8,1.48769503783706,NA,NA,NA,NA,"No - No Salinity Value","Yes",96.078431372549
"458","DWR-C09-R",2,39485,37.828171,-121.552721,NA,5.17682926829268,7,1.10230795732957,NA,NA,NA,NA,"No - No Salinity Value","Yes",93.9024390243903
"459","DWR-C09-R",3,39485,37.828171,-121.552721,NA,5.56363636363636,8,0.718297278503738,NA,NA,NA,NA,"No - No Salinity Value","Yes",98.1818181818182
"460","DWR-C09-R",4,39485,37.828171,-121.552721,NA,4.24285714285714,10,1.89113426649406,NA,NA,NA,NA,"No - No Salinity Value","Yes",96.4285714285714
"461","DWR-C09-R",0,39513,37.828171,-121.552721,NA,5.10759493670886,7,0.995674299322582,NA,NA,NA,NA,"No - No Salinity Value","Yes",99.0506329113924
"462","DWR-C09-R",2,39513,37.828171,-121.552721,NA,5.27895752895753,12,0.955303483653615,NA,NA,NA,NA,"No - No Salinity Value","Yes",98.4555984555985
"463","DWR-C09-R",3,39513,37.828171,-121.552721,NA,5.12476547842402,9,1.07200970386997,NA,NA,NA,NA,"No - No Salinity Value","Yes",99.624765478424
"464","DWR-C09-R",4,39513,37.828171,-121.552721,NA,5.23660714285714,11,0.940031390022925,NA,NA,NA,NA,"No - No Salinity Value","Yes",99.4642857142857
"465","DWR-C09-R",0,39541,37.828171,-121.552721,NA,4.38036809815951,9,1.78991601748397,NA,NA,NA,NA,"No - No Salinity Value","Yes",90.4907975460123
"466","DWR-C09-R",2,39541,37.828171,-121.552721,NA,4.453125,8,1.71340413048045,NA,NA,NA,NA,"No - No Salinity Value","Yes",90.625
"467","DWR-C09-R",3,39541,37.828171,-121.552721,NA,5.66666666666667,8,0.584765839335,NA,NA,NA,NA,"No - No Salinity Value","Yes",97.8632478632479
"468","DWR-C09-R",4,39541,37.828171,-121.552721,NA,4.9943661971831,10,1.16789427682608,NA,NA,NA,NA,"No - No Salinity Value","Yes",90.9859154929577
"469","DWR-C09-R",0,39595,37.828171,-121.552721,NA,0.454588235294118,8,0.794801553280865,NA,NA,NA,NA,"No - No Salinity Value","Yes",100
"470","DWR-C09-R",2,39595,37.828171,-121.552721,NA,0.583369423993071,6,0.896287956813987,NA,NA,NA,NA,"No - No Salinity Value","Yes",100
"471","DWR-C09-R",3,39595,37.828171,-121.552721,NA,0.70467032967033,8,1.07306718628596,NA,NA,NA,NA,"No - No Salinity Value","Yes",99.8901098901099
"472","DWR-C09-R",4,39595,37.828171,-121.552721,NA,0.429483767961682,7,0.762288509014347,NA,NA,NA,NA,"No - No Salinity Value","Yes",100
"473","DWR-C09-R",0,39617,37.828171,-121.552721,NA,1.6195652173913,6,1.41487630530746,NA,NA,NA,NA,"No - No Salinity Value","Yes",100
"474","DWR-C09-R",2,39617,37.828171,-121.552721,NA,4.22151195108393,9,1.41698166417639,NA,NA,NA,NA,"No - No Salinity Value","Yes",99.9444135630906
"475","DWR-C09-R",3,39617,37.828171,-121.552721,NA,3.13051470588235,10,1.58749899414981,NA,NA,NA,NA,"No - No Salinity Value","Yes",99.8161764705882
"476","DWR-C09-R",4,39617,37.828171,-121.552721,NA,1.95268718419844,8,1.63800803170103,NA,NA,NA,NA,"No - No Salinity Value","Yes",100
"477","DWR-C09-R",0,39644,37.828171,-121.552721,NA,5.47966507177033,7,0.963042678985734,NA,NA,NA,NA,"No - No Salinity Value","Yes",100
"478","DWR-C09-R",2,39644,37.828171,-121.552721,NA,5.50884955752212,9,0.855228854800605,NA,NA,NA,NA,"No - No Salinity Value","Yes",99.7050147492625
"479","DWR-C09-R",3,39644,37.828171,-121.552721,NA,5.71788990825688,7,0.57856775814397,NA,NA,NA,NA,"No - No Salinity Value","Yes",100
"480","DWR-C09-R",4,39644,37.828171,-121.552721,NA,5.69964243146603,7,0.585239108937512,NA,NA,NA,NA,"No - No Salinity Value","Yes",99.880810488677
"481","DWR-C09-R",0,39674,37.828171,-121.552721,NA,5.9585635359116,3,0.0987242068052943,NA,NA,NA,NA,"No - No Salinity Value","Yes",100
"482","DWR-C09-R",2,39674,37.828171,-121.552721,NA,5.62315270935961,9,0.586431524980451,NA,NA,NA,NA,"No - No Salinity Value","Yes",96.551724137931
"483","DWR-C09-R",3,39674,37.828171,-121.552721,NA,5.19339622641509,6,1.01497169633507,NA,NA,NA,NA,"No - No Salinity Value","Yes",91.5094339622641
"484","DWR-C09-R",4,39674,37.828171,-121.552721,NA,5.35636363636364,7,0.935854755785714,NA,NA,NA,NA,"No - No Salinity Value","Yes",93.4545454545455
"485","DWR-C09-R",0,39707,37.828171,-121.552721,NA,5.80373831775701,4,0.286237506963096,NA,NA,NA,NA,"No - No Salinity Value","Yes",98.1308411214953
"486","DWR-C09-R",2,39707,37.828171,-121.552721,NA,5.76063829787234,3,0.426441413984379,NA,NA,NA,NA,"No - No Salinity Value","Yes",100
"487","DWR-C09-R",3,39707,37.828171,-121.552721,NA,5.58333333333333,6,0.671774143452941,NA,NA,NA,NA,"No - No Salinity Value","Yes",98.3333333333333
"488","DWR-C09-R",4,39707,37.828171,-121.552721,NA,5.71065989847716,5,0.502804836863919,NA,NA,NA,NA,"No - No Salinity Value","Yes",98.9847715736041
